window,cutoff_week,n_train,model,pr_auc,pr_auc_sd,brier,ci_low,ci_high
cumulative,28,844,Dummy,0.38697864182662767,0.0,0.38697864182662767,,
cumulative,28,844,LightGBM,0.35908182401321725,0.0,0.4574033799306214,0.3530301000235928,0.3651376300871715
cumulative,28,844,Logistic Regression,0.4776131796142207,0.0,0.3256905215521974,0.47008375540477093,0.48542743073361644
cumulative,28,844,Random Forest,0.4252001633310412,0.01006767510530166,0.24115885758767738,,
cumulative,28,844,XGBoost,0.4116933204391013,0.0,0.3262099325656891,,
cumulative,29,1537,Dummy,0.38697864182662767,0.0,0.38697864182662767,,
cumulative,29,1537,LightGBM,0.3826934270696332,0.0,0.4024079283943906,0.3762622222160755,0.38912241529998287
cumulative,29,1537,Logistic Regression,0.5038671465002533,0.0,0.3696648366501065,0.49583364465520335,0.5115152882048914
cumulative,29,1537,Random Forest,0.4375889891983354,0.003544453147199188,0.23931194056098604,,
cumulative,29,1537,XGBoost,0.45361287605137984,0.0,0.3092007637023926,,
cumulative,30,2307,Dummy,0.38697864182662767,0.0,0.38697864182662767,,
cumulative,30,2307,LightGBM,0.507599611490011,0.0,0.29127866667870306,0.5002066913255506,0.5158221573352583
cumulative,30,2307,Logistic Regression,0.46675984710314417,0.0,0.37571852070267847,0.4593643979857597,0.47540758763916957
cumulative,30,2307,Random Forest,0.5023738177727278,0.018783074555349936,0.22315416894489415,,
cumulative,30,2307,XGBoost,0.5001055569870809,0.0,0.2830337584018707,,
cumulative,31,2886,Dummy,0.38697864182662767,0.0,0.38697864182662767,,
cumulative,31,2886,LightGBM,0.5344967536318672,0.0,0.30481162668616135,0.5268378333004271,0.5429105322142834
cumulative,31,2886,Logistic Regression,0.533040989845512,0.0,0.3398590838652599,0.5255595441786377,0.5407730089974919
cumulative,31,2886,Random Forest,0.5706231366368608,0.021657177327574863,0.22223283603745222,,
cumulative,31,2886,XGBoost,0.5844057636108538,0.0,0.3155527114868164,,
cumulative,32,3738,Dummy,0.38697864182662767,0.0,0.38697864182662767,,
cumulative,32,3738,LightGBM,0.5474798620046701,0.0,0.30225465561410414,0.5393418159401359,0.555675629192221
cumulative,32,3738,Logistic Regression,0.5255829503298332,0.0,0.31818435648694,0.5172888479991138,0.5340691066399667
cumulative,32,3738,Random Forest,0.5849821278145894,0.010072778608252599,0.23604892735453822,,
cumulative,32,3738,XGBoost,0.5525265110983164,0.0,0.30546852946281433,,
cumulative,33,4906,Dummy,0.38697864182662767,0.0,0.38697864182662767,,
cumulative,33,4906,LightGBM,0.555207510264235,0.0,0.3106235886440265,0.5462185915802558,0.563205359532349
cumulative,33,4906,Logistic Regression,0.5259290883256587,0.0,0.31633114450710276,0.5180182322940654,0.5341268424526462
cumulative,33,4906,Random Forest,0.5948067830209487,0.003908698728893099,0.2335917751063997,,
cumulative,33,4906,XGBoost,0.5575463154742824,0.0,0.3179640769958496,,
cumulative,34,5676,Dummy,0.38697864182662767,0.0,0.38697864182662767,,
cumulative,34,5676,LightGBM,0.549988301221087,0.0,0.3076750163916713,0.5416076455507368,0.5585528468179812
cumulative,34,5676,Logistic Regression,0.5415213605439019,0.0,0.31042725960830975,0.5336918946342785,0.5498418494329015
cumulative,34,5676,Random Forest,0.6166703922543023,0.023421644951967423,0.2307050952657355,,
cumulative,34,5676,XGBoost,0.5837897108608776,0.0,0.31486719846725464,,
cumulative,35,6449,Dummy,0.38697864182662767,0.0,0.38697864182662767,,
cumulative,35,6449,LightGBM,0.5618763712574223,0.0,0.29188578859614067,0.5531327256793444,0.5704588581562426
cumulative,35,6449,Logistic Regression,0.6152889140912765,0.0,0.2884477127437649,0.606780201477356,0.62443046559925
cumulative,35,6449,Random Forest,0.6123076365188057,0.015104689714999037,0.23482580307043618,,
cumulative,35,6449,XGBoost,0.5899849043491459,0.0,0.3079043924808502,,
cumulative,36,7480,Dummy,0.38697864182662767,0.0,0.38697864182662767,,
cumulative,36,7480,LightGBM,0.6042892607278394,0.0,0.28217249659089577,0.5960908737179496,0.6124961544048401
cumulative,36,7480,Logistic Regression,0.649245433976654,0.0,0.2752743633740197,0.6412416682346257,0.6575250931206362
cumulative,36,7480,Random Forest,0.6351949002794547,0.0187459556561201,0.23677819750014928,,
cumulative,36,7480,XGBoost,0.6033636633963719,0.0,0.29103222489356995,,
cumulative,37,8612,Dummy,0.38697864182662767,0.0,0.38697864182662767,,
cumulative,37,8612,LightGBM,0.6034590487258993,0.0,0.2839236311046964,0.5947018514233803,0.6117447517752777
cumulative,37,8612,Logistic Regression,0.6483592150751861,0.0,0.2562671410629422,0.6400250139141527,0.6570109865170704
cumulative,37,8612,Random Forest,0.6327554137444674,0.010646117357202252,0.23197717165234358,,
cumulative,37,8612,XGBoost,0.6444900568174239,0.0,0.27266979217529297,,
cumulative,38,9983,Dummy,0.38697864182662767,0.0,0.38697864182662767,,
cumulative,38,9983,LightGBM,0.5867549212041121,0.0,0.3016988345516989,0.578028667471034,0.5955913832039477
cumulative,38,9983,Logistic Regression,0.5816162560020183,0.0,0.27106558463027924,0.5734912454806855,0.5901217685566374
cumulative,38,9983,Random Forest,0.622756108719893,0.005341790412946354,0.24217924912560115,,
cumulative,38,9983,XGBoost,0.6252751564365114,0.0,0.2840527296066284,,
cumulative,39,11287,Dummy,0.38697864182662767,0.0,0.38697864182662767,,
cumulative,39,11287,LightGBM,0.600109295179521,0.0,0.28808978148761694,0.5921598452835101,0.6085215710675828
cumulative,39,11287,Logistic Regression,0.5870330602328304,0.0,0.2632969727153208,0.5796029118434741,0.5958415013725828
cumulative,39,11287,Random Forest,0.6219684939148511,0.008930875842720957,0.24460544473784085,,
cumulative,39,11287,XGBoost,0.6491700398069713,0.0,0.2792011499404907,,
cumulative,40,12315,Dummy,0.38697864182662767,0.0,0.38697864182662767,,
cumulative,40,12315,LightGBM,0.617255251213191,0.0,0.2777779828696893,0.6085364545303122,0.6256766312349367
cumulative,40,12315,Logistic Regression,0.5965676289646882,0.0,0.26220910875123454,0.5891874955530583,0.6052667620238135
cumulative,40,12315,Random Forest,0.6304719719690076,0.009010333109910578,0.24108803551640778,,
cumulative,40,12315,XGBoost,0.6513681018041644,0.0,0.269741415977478,,
cumulative,41,13716,Dummy,0.38697864182662767,0.0,0.38697864182662767,,
cumulative,41,13716,LightGBM,0.6423022372906104,0.0,0.2667443903200575,0.6344090660722569,0.6501330395776086
cumulative,41,13716,Logistic Regression,0.6391845286402075,0.0,0.2548110902368093,0.6304241658951092,0.6476652255577835
cumulative,41,13716,Random Forest,0.6303086313725922,0.017175798196213628,0.23981886321892953,,
cumulative,41,13716,XGBoost,0.6432126118908041,0.0,0.2633066773414612,,
cumulative,42,14938,Dummy,0.38697864182662767,0.0,0.38697864182662767,,
cumulative,42,14938,LightGBM,0.656803423283127,0.0,0.2617799021073765,0.6490142858505901,0.6648968926871239
cumulative,42,14938,Logistic Regression,0.66564464220303,0.0,0.23884957875016297,0.6578373628012084,0.6733637923876926
cumulative,42,14938,Random Forest,0.6382179007221904,0.015898221680495653,0.23883592302313472,,
cumulative,42,14938,XGBoost,0.6895910989174266,0.0,0.2488711029291153,,
cumulative,43,15870,Dummy,0.38697864182662767,0.0,0.38697864182662767,,
cumulative,43,15870,LightGBM,0.6479186406236861,0.0,0.2630795913489024,0.63944890323432,0.6557447779359574
cumulative,43,15870,Logistic Regression,0.7005081311830478,0.0,0.23165031901936547,0.6927711840357453,0.7085901454974917
cumulative,43,15870,Random Forest,0.6461566923287009,0.017104045252292255,0.23828441913648457,,
cumulative,43,15870,XGBoost,0.6692857436186994,0.0,0.2579054534435272,,
cumulative,44,16736,Dummy,0.38697864182662767,0.0,0.38697864182662767,,
cumulative,44,16736,LightGBM,0.642889819231331,0.0,0.2706508713906383,0.6344312733760302,0.6509799731729982
cumulative,44,16736,Logistic Regression,0.7033234882683557,0.0,0.23998829506946381,0.6958861922496667,0.7112347241084589
cumulative,44,16736,Random Forest,0.6651899522986189,0.023179528146149094,0.2355048722367291,,
cumulative,44,16736,XGBoost,0.6697365807902306,0.0,0.2700870931148529,,
cumulative,45,17281,Dummy,0.38697864182662767,0.0,0.38697864182662767,,
cumulative,45,17281,LightGBM,0.6436182153221336,0.0,0.2845326870149902,0.6353381105011707,0.6515657517612218
cumulative,45,17281,Logistic Regression,0.7018666428063055,0.0,0.24212576223380874,0.6944162378142945,0.7092651268833147
cumulative,45,17281,Random Forest,0.6561653176728499,0.007724775657865479,0.2365769107823059,,
cumulative,45,17281,XGBoost,0.6391454835208248,0.0,0.28748926520347595,,
cumulative,46,17702,Dummy,0.38697864182662767,0.0,0.38697864182662767,,
cumulative,46,17702,LightGBM,0.6489188521257189,0.0,0.2691001975736002,0.6417331134541607,0.6567076735208588
cumulative,46,17702,Logistic Regression,0.6990389771361448,0.0,0.24453404060905423,0.6911873209212307,0.706743910844327
cumulative,46,17702,Random Forest,0.6493619342190965,0.006475000360396578,0.2417657241764893,,
cumulative,46,17702,XGBoost,0.676079186250658,0.0,0.2642228603363037,,
cumulative,47,18386,Dummy,0.38697864182662767,0.0,0.38697864182662767,,
cumulative,47,18386,LightGBM,0.6474131185757026,0.0,0.27471466871817046,0.6390734084648518,0.6555225503642529
cumulative,47,18386,Logistic Regression,0.6996311066879063,0.0,0.2407862589860189,0.6917203359927955,0.7071125634174908
cumulative,47,18386,Random Forest,0.6658914776291653,0.01925634451308144,0.23650267203925013,,
cumulative,47,18386,XGBoost,0.6737641981449544,0.0,0.2659241855144501,,
cumulative,48,19000,Dummy,0.38697864182662767,0.0,0.38697864182662767,,
cumulative,48,19000,LightGBM,0.6557949842529963,0.0,0.2634536229557499,0.6478916798716703,0.6626660570545796
cumulative,48,19000,Logistic Regression,0.7016672266206281,0.0,0.23936111865474344,0.693705456294801,0.7091430496744185
cumulative,48,19000,Random Forest,0.6545919584995096,0.02691707289335003,0.23838863680543512,,
cumulative,48,19000,XGBoost,0.6422331465130596,0.0,0.28244972229003906,,
cumulative,49,19845,Dummy,0.38697864182662767,0.0,0.38697864182662767,,
cumulative,49,19845,LightGBM,0.6402357342364429,0.0,0.27845548422112637,0.6325440235069757,0.6481688807784758
cumulative,49,19845,Logistic Regression,0.7057710127501293,0.0,0.24221407990219582,0.6981045469248426,0.7138537223535777
cumulative,49,19845,Random Forest,0.649768569763594,0.0017947554431802593,0.24188334849957147,,
cumulative,49,19845,XGBoost,0.6249716620129419,0.0,0.3077436089515686,,
cumulative,50,20452,Dummy,0.38697864182662767,0.0,0.38697864182662767,,
cumulative,50,20452,LightGBM,0.6420291078758431,0.0,0.273154091363668,0.6337140613031068,0.6499945669509881
cumulative,50,20452,Logistic Regression,0.707095327773064,0.0,0.24032343713576343,0.6993054817439188,0.7149173818134841
cumulative,50,20452,Random Forest,0.6846913144612826,0.00498922755404201,0.22808841354107814,,
cumulative,50,20452,XGBoost,0.6706169399300373,0.0,0.26208990812301636,,
cumulative,51,20767,Dummy,0.38697864182662767,0.0,0.38697864182662767,,
cumulative,51,20767,LightGBM,0.6300229064169227,0.0,0.2852304811728879,0.6217268658828097,0.6378687361409227
cumulative,51,20767,Logistic Regression,0.7114753310189309,0.0,0.2334199749581675,0.704245085130062,0.7186495160935781
cumulative,51,20767,Random Forest,0.6618367661883043,0.021327694344031006,0.23680372063181795,,
cumulative,51,20767,XGBoost,0.641259811956238,0.0,0.29360634088516235,,
cumulative,52,21257,Dummy,0.38697864182662767,0.0,0.38697864182662767,,
cumulative,52,21257,LightGBM,0.6396987628688088,0.0,0.2852587528673761,0.6314074283785199,0.6479337937376887
cumulative,52,21257,Logistic Regression,0.7115927770743792,0.0,0.23500798667238199,0.7038548184240239,0.7191221091709565
cumulative,52,21257,Random Forest,0.6724870625105025,0.0186584286214197,0.23157207356748266,,
cumulative,52,21257,XGBoost,0.6286591335106699,0.0,0.29996269941329956,,
cumulative,53,21996,Dummy,0.38697864182662767,0.0,0.38697864182662767,,
cumulative,53,21996,LightGBM,0.6446493858821911,0.0,0.2741722525749653,0.6357911200483272,0.6533262318638141
cumulative,53,21996,Logistic Regression,0.7122455125607772,0.0,0.2362146092326928,0.7051181496391724,0.7199072959456716
cumulative,53,21996,Random Forest,0.6868501184756969,0.0053681620989640055,0.22843948327828525,,
cumulative,53,21996,XGBoost,0.6597694428390874,0.0,0.25965943932533264,,
cumulative,54,22223,Dummy,0.38697864182662767,0.0,0.38697864182662767,,
cumulative,54,22223,LightGBM,0.6702156751010931,0.0,0.2729675787040758,0.6623538256287284,0.6773569910319969
cumulative,54,22223,Logistic Regression,0.7129644135479011,0.0,0.24003048012824132,0.7054228520830408,0.7203103372487413
cumulative,54,22223,Random Forest,0.6829260024091445,0.021880937499118746,0.23170746221628816,,
cumulative,54,22223,XGBoost,0.6873699539274268,0.0,0.2531518340110779,,
cumulative,55,22620,Dummy,0.38697864182662767,0.0,0.38697864182662767,,
cumulative,55,22620,LightGBM,0.6768596562749845,0.0,0.2659781382058886,0.6694717976470157,0.6847163502204652
cumulative,55,22620,Logistic Regression,0.7169147640555606,0.0,0.2209586285884012,0.7095640937618454,0.7244232775077711
cumulative,55,22620,Random Forest,0.6948907581980572,0.016736784389699895,0.2275084656796735,,
cumulative,55,22620,XGBoost,0.7171177128220765,0.0,0.24154727160930634,,
cumulative,56,23069,Dummy,0.38697864182662767,0.0,0.38697864182662767,,
cumulative,56,23069,LightGBM,0.6641217928368099,0.0,0.2610581610626891,0.6569269080583731,0.6722155368030029
cumulative,56,23069,Logistic Regression,0.7264618074946286,0.0,0.21261446223918656,0.7189051722819503,0.7337538230138613
cumulative,56,23069,Random Forest,0.7134959547223256,0.008542252232496106,0.2192577612540406,,
cumulative,56,23069,XGBoost,0.7066590882000492,0.0,0.2280745953321457,,
cumulative,57,23642,Dummy,0.38697864182662767,0.0,0.38697864182662767,,
cumulative,57,23642,LightGBM,0.6990599391540911,0.0,0.22859052803972743,0.6915332598488992,0.7066563573369684
cumulative,57,23642,Logistic Regression,0.7328675262384331,0.0,0.199456491396341,0.7259419438843497,0.7401998620267071
cumulative,57,23642,Random Forest,0.7135231159737961,0.018287950537646102,0.21737955971411402,,
cumulative,57,23642,XGBoost,0.7153136938951788,0.0,0.22011590003967285,,
cumulative,58,24211,Dummy,0.38697864182662767,0.0,0.38697864182662767,,
cumulative,58,24211,LightGBM,0.6922866634224466,0.0,0.22999438211070378,0.6851435046950997,0.6995399534696487
cumulative,58,24211,Logistic Regression,0.7367156588723333,0.0,0.19282323696557035,0.7292485874983367,0.7437757648222961
cumulative,58,24211,Random Forest,0.7258505330366084,0.007456584189483884,0.21292811006383272,,
cumulative,58,24211,XGBoost,0.6942284697968301,0.0,0.2280011922121048,,
cumulative,59,24907,Dummy,0.38697864182662767,0.0,0.38697864182662767,,
cumulative,59,24907,LightGBM,0.7026587309761517,0.0,0.2194191946362927,0.6949881921931095,0.710229254276519
cumulative,59,24907,Logistic Regression,0.7403264586039748,0.0,0.18255644836169557,0.7332463397475465,0.7478144957184917
cumulative,59,24907,Random Forest,0.7280671657632972,0.0013496198324636588,0.21305708422536554,,
cumulative,59,24907,XGBoost,0.7050773078947996,0.0,0.2252456694841385,,
cumulative,60,25856,Dummy,0.38697864182662767,0.0,0.38697864182662767,,
cumulative,60,25856,LightGBM,0.7180560242437178,0.0,0.21260566513962167,0.7109463307739993,0.725806127483623
cumulative,60,25856,Logistic Regression,0.7426960368085974,0.0,0.17969435511668905,0.7357435426033156,0.7496141921319305
cumulative,60,25856,Random Forest,0.7403697301269543,0.0015090131954114366,0.20759382447313401,,
cumulative,60,25856,XGBoost,0.7364810123753625,0.0,0.21692000329494476,,
cumulative,61,26849,Dummy,0.38697864182662767,0.0,0.38697864182662767,,
cumulative,61,26849,LightGBM,0.7313553297388303,0.0,0.2115615937880679,0.7251496973023603,0.73844619013036
cumulative,61,26849,Logistic Regression,0.7467249066804986,0.0,0.17948391529176944,0.7401787908086868,0.753636973482049
cumulative,61,26849,Random Forest,0.7387864732743973,0.0060211771149418,0.20768824901247918,,
cumulative,61,26849,XGBoost,0.7261529181781791,0.0,0.21644549071788788,,
cumulative,62,27845,Dummy,0.38697864182662767,0.0,0.38697864182662767,,
cumulative,62,27845,LightGBM,0.7114685279617388,0.0,0.2241852002378533,0.7037272281911846,0.7182589348749884
cumulative,62,27845,Logistic Regression,0.7499181470223921,0.0,0.175493531431513,0.7430426973291026,0.7567722636857075
cumulative,62,27845,Random Forest,0.7388230540711139,0.004860110479078631,0.20688426535920046,,
cumulative,62,27845,XGBoost,0.6937384852758249,0.0,0.24421760439872742,,
cumulative,63,28872,Dummy,0.38697864182662767,0.0,0.38697864182662767,,
cumulative,63,28872,LightGBM,0.7336531428684515,0.0,0.2130388523927191,0.7264240084623629,0.7403210743876086
cumulative,63,28872,Logistic Regression,0.7474098252850264,0.0,0.18145324020153464,0.7405007600287355,0.7541221964940148
cumulative,63,28872,Random Forest,0.7240327098509991,0.0014010050880555614,0.21052211420056152,,
cumulative,63,28872,XGBoost,0.701208357330548,0.0,0.24690866470336914,,
cumulative,64,29771,Dummy,0.38697864182662767,0.0,0.38697864182662767,,
cumulative,64,29771,LightGBM,0.7308467920768124,0.0,0.21145264405209066,0.7242556079722365,0.7372573520218049
cumulative,64,29771,Logistic Regression,0.7484613144264558,0.0,0.19065621100708605,0.7412834380740964,0.7554102537318523
cumulative,64,29771,Random Forest,0.7416005032640035,0.012581141422524119,0.20572122577944593,,
cumulative,64,29771,XGBoost,0.6832093487679834,0.0,0.24551254510879517,,
cumulative,65,30821,Dummy,0.38697864182662767,0.0,0.38697864182662767,,
cumulative,65,30821,LightGBM,0.7391023457030025,0.0,0.20786861968655032,0.7325652586789284,0.7460361573840548
cumulative,65,30821,Logistic Regression,0.7517263485679754,0.0,0.18430923787325512,0.7449034889999611,0.7588001097877864
cumulative,65,30821,Random Forest,0.7450850315936285,0.014970778833526228,0.2027382419037643,,
cumulative,65,30821,XGBoost,0.7127701522396596,0.0,0.22484257817268372,,
cumulative,66,32162,Dummy,0.38697864182662767,0.0,0.38697864182662767,,
cumulative,66,32162,LightGBM,0.74308311817965,0.0,0.2007027388540649,0.736415801961011,0.7493087043576542
cumulative,66,32162,Logistic Regression,0.7491547273318547,0.0,0.212581066531193,0.7421532329546245,0.7565619077502606
cumulative,66,32162,Random Forest,0.7617128631273843,0.005355159196037619,0.19395865552110703,,
cumulative,66,32162,XGBoost,0.7417509669016885,0.0,0.2081943303346634,,
cumulative,67,33165,Dummy,0.38697864182662767,0.0,0.38697864182662767,,
cumulative,67,33165,LightGBM,0.7673579327951522,0.0,0.18433997493134738,0.7610743973064705,0.7733991303010889
cumulative,67,33165,Logistic Regression,0.7585534195153515,0.0,0.1791840737027173,0.7508710190853221,0.7663046307242644
cumulative,67,33165,Random Forest,0.7593206449190789,0.007675351797150698,0.19405796634840944,,
cumulative,67,33165,XGBoost,0.7360874789203337,0.0,0.22412025928497314,,
cumulative,68,34435,Dummy,0.38697864182662767,0.0,0.38697864182662767,,
cumulative,68,34435,LightGBM,0.770654327150852,0.0,0.18034489822803038,0.7646169524602999,0.7765445503669138
cumulative,68,34435,Logistic Regression,0.7625049983837465,0.0,0.17473754087180515,0.7558489354203692,0.7696593222109022
cumulative,68,34435,Random Forest,0.7516915053188385,0.0013644953922649368,0.19362334420919217,,
cumulative,68,34435,XGBoost,0.7359352001323577,0.0,0.2042062133550644,,
cumulative,69,35611,Dummy,0.38697864182662767,0.0,0.38697864182662767,,
cumulative,69,35611,LightGBM,0.7706036199986759,0.0,0.18052274312827402,0.7643452083105315,0.7763567538380537
cumulative,69,35611,Logistic Regression,0.763829038349653,0.0,0.1774873251335242,0.7569781577478456,0.7704760914472341
cumulative,69,35611,Random Forest,0.7645962153658834,0.015335270137708457,0.18881445160272273,,
cumulative,69,35611,XGBoost,0.7791744396200576,0.0,0.17900072038173676,,
cumulative,70,36950,Dummy,0.38697864182662767,0.0,0.38697864182662767,,
cumulative,70,36950,LightGBM,0.7515632252240785,0.0,0.19287517679858576,0.7456341946178154,0.758147289296771
cumulative,70,36950,Logistic Regression,0.7646271465952812,0.0,0.17811508193073577,0.7579753423137774,0.7717981228488188
cumulative,70,36950,Random Forest,0.7543088390878564,0.008084674836306318,0.18891890456566662,,
cumulative,70,36950,XGBoost,0.7684748047655606,0.0,0.18085795640945435,,
cumulative,71,38387,Dummy,0.38697864182662767,0.0,0.38697864182662767,,
cumulative,71,38387,LightGBM,0.7673606508104731,0.0,0.18377441527994234,0.7611623970466079,0.7733583246597984
cumulative,71,38387,Logistic Regression,0.7650190904358452,0.0,0.1806332232588342,0.7579651148182827,0.7720005213420522
cumulative,71,38387,Random Forest,0.7602781741758969,0.003351672319277896,0.18437414936020144,,
cumulative,71,38387,XGBoost,0.7688389456409709,0.0,0.1779950112104416,,
cumulative,72,39516,Dummy,0.38697864182662767,0.0,0.38697864182662767,,
cumulative,72,39516,LightGBM,0.7828334872468826,0.0,0.17176385702143168,0.7771104384066696,0.7886874970921867
cumulative,72,39516,Logistic Regression,0.7689261809831004,0.0,0.16759375465951454,0.7620051991139463,0.7756031498852265
cumulative,72,39516,Random Forest,0.7626536964346332,0.0014296268711587723,0.18092468258095598,,
cumulative,72,39516,XGBoost,0.7902100012952943,0.0,0.16452983021736145,,
cumulative,73,40779,Dummy,0.38697864182662767,0.0,0.38697864182662767,,
cumulative,73,40779,LightGBM,0.7778824881951506,0.0,0.17686217152893705,0.7718308074611304,0.7834813020160841
cumulative,73,40779,Logistic Regression,0.7692323756425378,0.0,0.16698251626956773,0.7625986037853141,0.7757874931803203
cumulative,73,40779,Random Forest,0.7831025912709224,0.002348853781669413,0.1778250156715805,,
cumulative,73,40779,XGBoost,0.7929541941031223,0.0,0.1675034463405609,,
cumulative,74,42231,Dummy,0.38697864182662767,0.0,0.38697864182662767,,
cumulative,74,42231,LightGBM,0.77612508020141,0.0,0.17598839715020675,0.7705730727187565,0.7820876871597484
cumulative,74,42231,Logistic Regression,0.7708058862098167,0.0,0.16581301896007533,0.7635742792188882,0.7773152881141981
cumulative,74,42231,Random Forest,0.7830855220680433,0.004204655129125371,0.1771808866182224,,
cumulative,74,42231,XGBoost,0.7893864642646732,0.0,0.16898208856582642,,
cumulative,75,43291,Dummy,0.38697864182662767,0.0,0.38697864182662767,,
cumulative,75,43291,LightGBM,0.7851577068024224,0.0,0.17070442243863393,0.7794581757759498,0.7911295208327979
cumulative,75,43291,Logistic Regression,0.7709701679119286,0.0,0.16128043177493406,0.7645402904311813,0.7779652369617713
cumulative,75,43291,Random Forest,0.7659204477351317,0.004547966733682801,0.1791444295556136,,
cumulative,75,43291,XGBoost,0.7875017938851331,0.0,0.16893242299556732,,
cumulative,76,44608,Dummy,0.38697864182662767,0.0,0.38697864182662767,,
cumulative,76,44608,LightGBM,0.7847379560677729,0.0,0.17156972782795568,0.7790632500573486,0.7901111214691326
cumulative,76,44608,Logistic Regression,0.7732974427155961,0.0,0.16198806869554527,0.7665944053306062,0.7799600270246506
cumulative,76,44608,Random Forest,0.7751417079877023,0.010532924101280988,0.1759396182812094,,
cumulative,76,44608,XGBoost,0.7901422252537994,0.0,0.16833534836769104,,
cumulative,77,45811,Dummy,0.38697864182662767,0.0,0.38697864182662767,,
cumulative,77,45811,LightGBM,0.7844991936655953,0.0,0.1746968590472063,0.7786775375568616,0.790159574072215
cumulative,77,45811,Logistic Regression,0.7728176924178203,0.0,0.16465481967526144,0.7664476396343216,0.7799205281290694
cumulative,77,45811,Random Forest,0.7797618553562115,0.009299192280497396,0.1733528587068345,,
cumulative,77,45811,XGBoost,0.7990071099073403,0.0,0.16398082673549652,,
cumulative,78,47279,Dummy,0.38697864182662767,0.0,0.38697864182662767,,
cumulative,78,47279,LightGBM,0.7966777354626347,0.0,0.16351230060700866,0.7913126525394412,0.8019457273323819
cumulative,78,47279,Logistic Regression,0.7739450695639514,0.0,0.16491867254196324,0.7670337949049383,0.7810559855752996
cumulative,78,47279,Random Forest,0.789930839715391,0.0029184789586672428,0.17122437941201038,,
cumulative,78,47279,XGBoost,0.798986117700323,0.0,0.16182291507720947,,
cumulative,79,48338,Dummy,0.38697864182662767,0.0,0.38697864182662767,,
cumulative,79,48338,LightGBM,0.7937637235981745,0.0,0.16569036527528078,0.7878565498542023,0.7991238115927527
cumulative,79,48338,Logistic Regression,0.7762172725600145,0.0,0.16072634843116387,0.7696859222889726,0.7828267377202945
cumulative,79,48338,Random Forest,0.7903930440778403,0.0012864891822291613,0.1704022052718832,,
cumulative,79,48338,XGBoost,0.7752486133527375,0.0,0.18520000576972961,,
cumulative,80,49464,Dummy,0.38697864182662767,0.0,0.38697864182662767,,
cumulative,80,49464,LightGBM,0.7934344522822802,0.0,0.16592608293553196,0.7880311481903423,0.798874797759291
cumulative,80,49464,Logistic Regression,0.7775643665088134,0.0,0.1594626413974226,0.7711810028862857,0.7844002733981854
cumulative,80,49464,Random Forest,0.7821979711152057,0.00679458259834264,0.1690186495130753,,
cumulative,80,49464,XGBoost,0.7794315901610279,0.0,0.1827882081270218,,
cumulative,81,50478,Dummy,0.38697864182662767,0.0,0.38697864182662767,,
cumulative,81,50478,LightGBM,0.7928045175082898,0.0,0.16755410122542624,0.787179577780506,0.7984449335545658
cumulative,81,50478,Logistic Regression,0.7784683526719802,0.0,0.1584535227308704,0.7713237008389835,0.7847219142967022
cumulative,81,50478,Random Forest,0.7866503808476552,0.010473239841434575,0.16833499225703671,,
cumulative,81,50478,XGBoost,0.800286320888952,0.0,0.1609792411327362,,
cumulative,82,51479,Dummy,0.38697864182662767,0.0,0.38697864182662767,,
cumulative,82,51479,LightGBM,0.7934755094683789,0.0,0.16782157703005843,0.7878220388800764,0.7992574298347646
cumulative,82,51479,Logistic Regression,0.7794487820009909,0.0,0.15754825950173548,0.7732275937406887,0.7860700429313285
cumulative,82,51479,Random Forest,0.775129275894055,0.005056468268930065,0.1685397511686,,
cumulative,82,51479,XGBoost,0.798156976043075,0.0,0.16183491051197052,,
cumulative,83,52585,Dummy,0.38697864182662767,0.0,0.38697864182662767,,
cumulative,83,52585,LightGBM,0.7906062120878611,0.0,0.17001007816764827,0.7849581447435824,0.7962181845838009
cumulative,83,52585,Logistic Regression,0.7805185927462461,0.0,0.1568407507786663,0.7738537621669842,0.787011448081574
cumulative,83,52585,Random Forest,0.7730078590858862,0.0070111586009518655,0.1679279984840436,,
cumulative,83,52585,XGBoost,0.7888666377292135,0.0,0.1753503829240799,,
cumulative,84,53615,Dummy,0.38697864182662767,0.0,0.38697864182662767,,
cumulative,84,53615,LightGBM,0.7991862004527827,0.0,0.16330376791799173,0.7935137944952152,0.8043476316527159
cumulative,84,53615,Logistic Regression,0.7810272547222707,0.0,0.15651071525889515,0.7739605635260647,0.787112423718486
cumulative,84,53615,Random Forest,0.787927310257734,0.011581641686708945,0.16718255994276265,,
cumulative,84,53615,XGBoost,0.8087733342722639,0.0,0.15503083169460297,,
cumulative,85,54714,Dummy,0.38697864182662767,0.0,0.38697864182662767,,
cumulative,85,54714,LightGBM,0.801013618443022,0.0,0.16233857696304943,0.7952952162728822,0.8063889442172282
cumulative,85,54714,Logistic Regression,0.7817957891918175,0.0,0.15627764270380698,0.7750121178024982,0.7882407098003709
cumulative,85,54714,Random Forest,0.7971556960341427,0.002265711384239312,0.16510865804718414,,
cumulative,85,54714,XGBoost,0.7902532744061689,0.0,0.16942396759986877,,
cumulative,86,55899,Dummy,0.38697864182662767,0.0,0.38697864182662767,,
cumulative,86,55899,LightGBM,0.8028159522535105,0.0,0.16099204182619434,0.7974782413741918,0.8084366131573387
cumulative,86,55899,Logistic Regression,0.7821264195431342,0.0,0.1560658097208981,0.7760189263316288,0.7885421421519182
cumulative,86,55899,Random Forest,0.7899839370037515,0.011103400545997764,0.16344559228399827,,
cumulative,86,55899,XGBoost,0.7884388998852971,0.0,0.17486761510372162,,
cumulative,87,57114,Dummy,0.38697864182662767,0.0,0.38697864182662767,,
cumulative,87,57114,LightGBM,0.8057801862804985,0.0,0.15960253355995738,0.8007081669870532,0.8109214485682811
cumulative,87,57114,Logistic Regression,0.7819084095939534,0.0,0.15594989298812348,0.7746902090118065,0.7879793225715034
cumulative,87,57114,Random Forest,0.7843102792751372,0.00238138730429724,0.16247388869450788,,
cumulative,87,57114,XGBoost,0.7927491665346489,0.0,0.1666659265756607,,
cumulative,88,58201,Dummy,0.38697864182662767,0.0,0.38697864182662767,,
cumulative,88,58201,LightGBM,0.8057894500039366,0.0,0.15876795874573282,0.8004119949564008,0.8111804480494454
cumulative,88,58201,Logistic Regression,0.7820856758800264,0.0,0.15576503161269173,0.7755392632525901,0.789035730605412
cumulative,88,58201,Random Forest,0.799350998942943,0.009424557803571406,0.16077415794047825,,
cumulative,88,58201,XGBoost,0.7955847726402089,0.0,0.16306157410144806,,
cumulative,89,59337,Dummy,0.38697864182662767,0.0,0.38697864182662767,,
cumulative,89,59337,LightGBM,0.8058830290206126,0.0,0.15850958774186333,0.8006979648746915,0.8110805435530051
cumulative,89,59337,Logistic Regression,0.7820606549611494,0.0,0.1556571777354547,0.7758366085951668,0.7877705006935214
cumulative,89,59337,Random Forest,0.804322967333138,0.0021714104284298766,0.16133735412997988,,
cumulative,89,59337,XGBoost,0.8113263110758293,0.0,0.1530093252658844,,
cumulative,90,60434,Dummy,0.38697864182662767,0.0,0.38697864182662767,,
cumulative,90,60434,LightGBM,0.8103526075380488,0.0,0.15476768312689332,0.805031569239423,0.8159998912292219
cumulative,90,60434,Logistic Regression,0.7819501193517414,0.0,0.15579750705222242,0.7748818924815696,0.7885951683270975
cumulative,90,60434,Random Forest,0.7776770598689283,0.004391937079255956,0.16312454230610587,,
cumulative,90,60434,XGBoost,0.8118194715348115,0.0,0.1527872383594513,,
cumulative,91,61724,Dummy,0.38697864182662767,0.0,0.38697864182662767,,
cumulative,91,61724,LightGBM,0.8029997070389117,0.0,0.16019496510847955,0.7968797495083583,0.8083006602185684
cumulative,91,61724,Logistic Regression,0.7822773723102675,0.0,0.15562032847552368,0.7759568514211221,0.7890654550132721
cumulative,91,61724,Random Forest,0.7837637627031112,0.009341234061492764,0.161292506918468,,
cumulative,91,61724,XGBoost,0.7878966681439489,0.0,0.17232611775398254,,
cumulative,92,63001,Dummy,0.38697864182662767,0.0,0.38697864182662767,,
cumulative,92,63001,LightGBM,0.8070198754314934,0.0,0.15737834571494638,0.8014884105088067,0.8122495251342605
cumulative,92,63001,Logistic Regression,0.782389097919269,0.0,0.15543876705220197,0.7758131777020345,0.7889309517027367
cumulative,92,63001,Random Forest,0.7776984856066061,0.00808442297642852,0.1623697561549379,,
cumulative,92,63001,XGBoost,0.7855121527214557,0.0,0.17471443116664886,,
cumulative,93,64370,Dummy,0.38697864182662767,0.0,0.38697864182662767,,
cumulative,93,64370,LightGBM,0.8097367457619105,0.0,0.15615811496210938,0.8045026817522924,0.814999050312694
cumulative,93,64370,Logistic Regression,0.7818667685150166,0.0,0.15647681975524427,0.7757263865636943,0.7889140909252355
cumulative,93,64370,Random Forest,0.7874911661375982,0.0006344952735074285,0.16022756388591408,,
cumulative,93,64370,XGBoost,0.817627561508615,0.0,0.14907877147197723,,
cumulative,94,65668,Dummy,0.38697864182662767,0.0,0.38697864182662767,,
cumulative,94,65668,LightGBM,0.809887233141565,0.0,0.1559438270570242,0.8045778697044325,0.8151029892343603
cumulative,94,65668,Logistic Regression,0.7823907019551545,0.0,0.15550276002735136,0.7758920177694983,0.7897962473430827
cumulative,94,65668,Random Forest,0.7903065935511112,0.0002754658556409724,0.1592286719111754,,
cumulative,94,65668,XGBoost,0.8006770841865413,0.0,0.16128955781459808,,
cumulative,95,67202,Dummy,0.38697864182662767,0.0,0.38697864182662767,,
cumulative,95,67202,LightGBM,0.8116569555067624,0.0,0.1544763490067671,0.8064860166929588,0.8169320991440466
cumulative,95,67202,Logistic Regression,0.7807835023024573,0.0,0.15680061744303767,0.774116101065302,0.7883614295019509
cumulative,95,67202,Random Forest,0.7988105361347935,0.00971851388525094,0.1580619613209622,,
cumulative,95,67202,XGBoost,0.802048348416864,0.0,0.16034656763076782,,
cumulative,96,68622,Dummy,0.38697864182662767,0.0,0.38697864182662767,,
cumulative,96,68622,LightGBM,0.8151304486105571,0.0,0.1515298614222951,0.8101655192304584,0.8208937537531892
cumulative,96,68622,Logistic Regression,0.7793387675911942,0.0,0.16019132915670414,0.7723149616332384,0.7864189085516797
cumulative,96,68622,Random Forest,0.8088076431640164,0.0002759676309960935,0.15821404808295186,,
cumulative,96,68622,XGBoost,0.8133163958369313,0.0,0.15116660296916962,,
cumulative,97,70028,Dummy,0.38697864182662767,0.0,0.38697864182662767,,
cumulative,97,70028,LightGBM,0.8173687545755423,0.0,0.15054355369251568,0.811887466876758,0.8225056207816634
cumulative,97,70028,Logistic Regression,0.7795536706561007,0.0,0.15778700262791218,0.7734005392856901,0.7861881260998344
cumulative,97,70028,Random Forest,0.8117836548412126,0.0012260237912823202,0.1570263633286203,,
cumulative,97,70028,XGBoost,0.8179651514158962,0.0,0.14910326898097992,,
cumulative,98,71424,Dummy,0.38697864182662767,0.0,0.38697864182662767,,
cumulative,98,71424,LightGBM,0.8172895723275199,0.0,0.15082371425253688,0.811710076986837,0.8224215573336908
cumulative,98,71424,Logistic Regression,0.779457395395943,0.0,0.1614884135540505,0.7729347332334289,0.7858438565625749
cumulative,98,71424,Random Forest,0.8052043525708017,0.011208117788209803,0.15749136856433277,,
cumulative,98,71424,XGBoost,0.8038273323380535,0.0,0.15846379101276398,,
cumulative,99,72577,Dummy,0.38697864182662767,0.0,0.38697864182662767,,
cumulative,99,72577,LightGBM,0.8188543349787093,0.0,0.14955325585946944,0.8135243285017179,0.8238572236404669
cumulative,99,72577,Logistic Regression,0.780323052948169,0.0,0.15819531693624733,0.7734816296675081,0.7864172167210318
cumulative,99,72577,Random Forest,0.8107679215852702,0.0009662406396307576,0.15685163661941595,,
cumulative,99,72577,XGBoost,0.8199560284539243,0.0,0.14774145185947418,,
cumulative,100,73578,Dummy,0.38697864182662767,0.0,0.38697864182662767,,
cumulative,100,73578,LightGBM,0.8175421937678938,0.0,0.1495740523797539,0.811937406376233,0.8225218349743908
cumulative,100,73578,Logistic Regression,0.7798578741896159,0.0,0.16394924230028832,0.7731468284601604,0.7863693225256787
cumulative,100,73578,Random Forest,0.810641678309779,0.0002630431864183564,0.15720485907492213,,
cumulative,100,73578,XGBoost,0.8181504997707835,0.0,0.14877037703990936,,
cumulative,101,74468,Dummy,0.38697864182662767,0.0,0.38697864182662767,,
cumulative,101,74468,LightGBM,0.8179108853929277,0.0,0.14963182006075448,0.8122817835528395,0.8229433439949224
cumulative,101,74468,Logistic Regression,0.780144535087128,0.0,0.16184747560219598,0.7734753209167364,0.786803944480489
cumulative,101,74468,Random Forest,0.8122458841429273,0.001990257962233673,0.15697777861406467,,
cumulative,101,74468,XGBoost,0.8209146962202231,0.0,0.147846981883049,,
cumulative,102,75405,Dummy,0.38697864182662767,0.0,0.38697864182662767,,
cumulative,102,75405,LightGBM,0.8184927312043907,0.0,0.1496062194040095,0.8132333083671138,0.8234825905174606
cumulative,102,75405,Logistic Regression,0.7803095161721819,0.0,0.16183391721055748,0.7734150543823763,0.7870326425755142
cumulative,102,75405,Random Forest,0.8113454599348535,0.002480355057699687,0.1568687816649723,,
cumulative,102,75405,XGBoost,0.8036996373293884,0.0,0.15866614878177643,,
cumulative,103,76303,Dummy,0.38697864182662767,0.0,0.38697864182662767,,
cumulative,103,76303,LightGBM,0.8182926223313904,0.0,0.14962554117427967,0.8130057946240106,0.8234678483864712
cumulative,103,76303,Logistic Regression,0.7808602463957671,0.0,0.16120621127965934,0.7740837052570814,0.7873804103643309
cumulative,103,76303,Random Forest,0.811962633338383,0.0011928497764235463,0.15708846262806533,,
cumulative,103,76303,XGBoost,0.8219522969618401,0.0,0.14647777378559113,,
cumulative,104,76921,Dummy,0.38697864182662767,0.0,0.38697864182662767,,
cumulative,104,76921,LightGBM,0.8195419324793481,0.0,0.14887324087081097,0.8145968738687647,0.8250213640885959
cumulative,104,76921,Logistic Regression,0.7808945948259803,0.0,0.1610162403791331,0.7741526562264294,0.7879733925937936
cumulative,104,76921,Random Forest,0.8131988435482885,0.0006071306380646443,0.15623539119904215,,
cumulative,104,76921,XGBoost,0.8081194467493394,0.0,0.15578781068325043,,
cumulative,105,77626,Dummy,0.38697864182662767,0.0,0.38697864182662767,,
cumulative,105,77626,LightGBM,0.819485992296373,0.0,0.1490315558696083,0.8142487013078661,0.8250740244214553
cumulative,105,77626,Logistic Regression,0.7815697986482707,0.0,0.15654950048222782,0.775008323947769,0.7881884846827437
cumulative,105,77626,Random Forest,0.8001768406618832,0.018287276027550346,0.15759326755853367,,
cumulative,105,77626,XGBoost,0.8205662151393901,0.0,0.14764900505542755,,
cumulative,106,78703,Dummy,0.38697864182662767,0.0,0.38697864182662767,,
cumulative,106,78703,LightGBM,0.8200360404522179,0.0,0.14903476021611797,0.8148219309821265,0.8252476144744016
cumulative,106,78703,Logistic Regression,0.7815705631187043,0.0,0.15636583457112632,0.7750910732905882,0.7882818846075184
cumulative,106,78703,Random Forest,0.8135181993686199,0.0018165516549258618,0.15611868749474647,,
cumulative,106,78703,XGBoost,0.819155444137627,0.0,0.14837881922721863,,
sliding,28,844,Dummy,0.38697864182662767,0.0,0.38697864182662767,,
sliding,28,844,LightGBM,0.35908182401321725,0.0,0.4574033799306214,0.3530301000235928,0.3651376300871715
sliding,28,844,Logistic Regression,0.4776131796142207,0.0,0.3256905215521974,0.47008375540477093,0.48542743073361644
sliding,28,844,Random Forest,0.4251997514384435,0.01006755481557816,0.24115885758767738,,
sliding,28,844,XGBoost,0.4116933204391013,0.0,0.3262099325656891,,
sliding,29,1537,Dummy,0.38697864182662767,0.0,0.38697864182662767,,
sliding,29,1537,LightGBM,0.3826934270696332,0.0,0.4024079283943906,0.3762622222160755,0.38912241529998287
sliding,29,1537,Logistic Regression,0.5038671465002533,0.0,0.3696648366501065,0.49583364465520335,0.5115152882048914
sliding,29,1537,Random Forest,0.43758896542094083,0.003544590424079817,0.23931194056098604,,
sliding,29,1537,XGBoost,0.45361287605137984,0.0,0.3092007637023926,,
sliding,30,2307,Dummy,0.38697864182662767,0.0,0.38697864182662767,,
sliding,30,2307,LightGBM,0.507599611490011,0.0,0.29127866667870306,0.5002066913255506,0.5158221573352583
sliding,30,2307,Logistic Regression,0.46675984710314417,0.0,0.37571852070267847,0.4593643979857597,0.47540758763916957
sliding,30,2307,Random Forest,0.5023738174046851,0.018783081921535622,0.22315416894489415,,
sliding,30,2307,XGBoost,0.5001055569870809,0.0,0.2830337584018707,,
sliding,31,2886,Dummy,0.38697864182662767,0.0,0.38697864182662767,,
sliding,31,2886,LightGBM,0.5344967536318672,0.0,0.30481162668616135,0.5268378333004271,0.5429105322142834
sliding,31,2886,Logistic Regression,0.533040989845512,0.0,0.3398590838652599,0.5255595441786377,0.5407730089974919
sliding,31,2886,Random Forest,0.5706232720989759,0.021657522362207155,0.22223283603745222,,
sliding,31,2886,XGBoost,0.5844057636108538,0.0,0.3155527114868164,,
sliding,32,3738,Dummy,0.38697864182662767,0.0,0.38697864182662767,,
sliding,32,3738,LightGBM,0.5474798620046701,0.0,0.30225465561410414,0.5393418159401359,0.555675629192221
sliding,32,3738,Logistic Regression,0.5255829503298332,0.0,0.31818435648694,0.5172888479991138,0.5340691066399667
sliding,32,3738,Random Forest,0.5849818676231316,0.010072984236669812,0.23604892735453822,,
sliding,32,3738,XGBoost,0.5525265110983164,0.0,0.30546852946281433,,
sliding,33,4906,Dummy,0.38697864182662767,0.0,0.38697864182662767,,
sliding,33,4906,LightGBM,0.555207510264235,0.0,0.3106235886440265,0.5462185915802558,0.563205359532349
sliding,33,4906,Logistic Regression,0.5259290883256587,0.0,0.31633114450710276,0.5180182322940654,0.5341268424526462
sliding,33,4906,Random Forest,0.5948064580845649,0.003909101652080529,0.2335917751063997,,
sliding,33,4906,XGBoost,0.5575463154742824,0.0,0.3179640769958496,,
sliding,34,5676,Dummy,0.38697864182662767,0.0,0.38697864182662767,,
sliding,34,5676,LightGBM,0.549988301221087,0.0,0.3076750163916713,0.5416076455507368,0.5585528468179812
sliding,34,5676,Logistic Regression,0.5415213605439019,0.0,0.31042725960830975,0.5336918946342785,0.5498418494329015
sliding,34,5676,Random Forest,0.6166704083193152,0.0234216442259397,0.2307050952657355,,
sliding,34,5676,XGBoost,0.5837897108608776,0.0,0.31486719846725464,,
sliding,35,6449,Dummy,0.38697864182662767,0.0,0.38697864182662767,,
sliding,35,6449,LightGBM,0.5618763712574223,0.0,0.29188578859614067,0.5531327256793444,0.5704588581562426
sliding,35,6449,Logistic Regression,0.6152889140912765,0.0,0.2884477127437649,0.606780201477356,0.62443046559925
sliding,35,6449,Random Forest,0.6123075695998067,0.01510480522518291,0.23482580307043618,,
sliding,35,6449,XGBoost,0.5899849043491459,0.0,0.3079043924808502,,
sliding,36,7480,Dummy,0.38697864182662767,0.0,0.38697864182662767,,
sliding,36,7480,LightGBM,0.6042892607278394,0.0,0.28217249659089577,0.5960908737179496,0.6124961544048401
sliding,36,7480,Logistic Regression,0.649245433976654,0.0,0.2752743633740197,0.6412416682346257,0.6575250931206362
sliding,36,7480,Random Forest,0.6351949391199547,0.018745885672294606,0.23677819750014928,,
sliding,36,7480,XGBoost,0.6033636633963719,0.0,0.29103222489356995,,
sliding,37,8612,Dummy,0.38697864182662767,0.0,0.38697864182662767,,
sliding,37,8612,LightGBM,0.6034590487258993,0.0,0.2839236311046964,0.5947018514233803,0.6117447517752777
sliding,37,8612,Logistic Regression,0.6483592150751861,0.0,0.2562671410629422,0.6400250139141527,0.6570109865170704
sliding,37,8612,Random Forest,0.6327554131474747,0.010646116384584651,0.23197717165234358,,
sliding,37,8612,XGBoost,0.6444900568174239,0.0,0.27266979217529297,,
sliding,38,9983,Dummy,0.38697864182662767,0.0,0.38697864182662767,,
sliding,38,9983,LightGBM,0.5867549212041121,0.0,0.3016988345516989,0.578028667471034,0.5955913832039477
sliding,38,9983,Logistic Regression,0.5816162560020183,0.0,0.27106558463027924,0.5734912454806855,0.5901217685566374
sliding,38,9983,Random Forest,0.6227562354163291,0.005342283067126276,0.24217924912560115,,
sliding,38,9983,XGBoost,0.6252751564365114,0.0,0.2840527296066284,,
sliding,39,11287,Dummy,0.38697864182662767,0.0,0.38697864182662767,,
sliding,39,11287,LightGBM,0.600109295179521,0.0,0.28808978148761694,0.5921598452835101,0.6085215710675828
sliding,39,11287,Logistic Regression,0.5870330602328304,0.0,0.2632969727153208,0.5796029118434741,0.5958415013725828
sliding,39,11287,Random Forest,0.6219701548387202,0.008929148482923446,0.24460544473784085,,
sliding,39,11287,XGBoost,0.6491700398069713,0.0,0.2792011499404907,,
sliding,40,12315,Dummy,0.38697864182662767,0.0,0.38697864182662767,,
sliding,40,12315,LightGBM,0.617255251213191,0.0,0.2777779828696893,0.6085364545303122,0.6256766312349367
sliding,40,12315,Logistic Regression,0.5965676289646882,0.0,0.26220910875123454,0.5891874955530583,0.6052667620238135
sliding,40,12315,Random Forest,0.6304720192280335,0.009010489761435116,0.24108803551640778,,
sliding,40,12315,XGBoost,0.6513681018041644,0.0,0.269741415977478,,
sliding,41,13716,Dummy,0.38697864182662767,0.0,0.38697864182662767,,
sliding,41,13716,LightGBM,0.6423022372906104,0.0,0.2667443903200575,0.6344090660722569,0.6501330395776086
sliding,41,13716,Logistic Regression,0.6391845286402075,0.0,0.2548110902368093,0.6304241658951092,0.6476652255577835
sliding,41,13716,Random Forest,0.6303087857134888,0.01717610220396426,0.23981886321892953,,
sliding,41,13716,XGBoost,0.6432126118908041,0.0,0.2633066773414612,,
sliding,42,14938,Dummy,0.38697864182662767,0.0,0.38697864182662767,,
sliding,42,14938,LightGBM,0.656803423283127,0.0,0.2617799021073765,0.6490142858505901,0.6648968926871239
sliding,42,14938,Logistic Regression,0.66564464220303,0.0,0.23884957875016297,0.6578373628012084,0.6733637923876926
sliding,42,14938,Random Forest,0.6382179079318435,0.01589821761786459,0.2388359230231347,,
sliding,42,14938,XGBoost,0.6895910989174266,0.0,0.2488711029291153,,
sliding,43,15870,Dummy,0.38697864182662767,0.0,0.38697864182662767,,
sliding,43,15870,LightGBM,0.6479186406236861,0.0,0.2630795913489024,0.63944890323432,0.6557447779359574
sliding,43,15870,Logistic Regression,0.7005081311830478,0.0,0.23165031901936547,0.6927711840357453,0.7085901454974917
sliding,43,15870,Random Forest,0.646156616388102,0.01710413331638179,0.23828441913648457,,
sliding,43,15870,XGBoost,0.6692857436186994,0.0,0.2579054534435272,,
sliding,44,16736,Dummy,0.38697864182662767,0.0,0.38697864182662767,,
sliding,44,16736,LightGBM,0.642889819231331,0.0,0.2706508713906383,0.6344312733760302,0.6509799731729982
sliding,44,16736,Logistic Regression,0.7033234882683557,0.0,0.23998829506946381,0.6958861922496667,0.7112347241084589
sliding,44,16736,Random Forest,0.6651900016790123,0.02317944409817203,0.2355048722367291,,
sliding,44,16736,XGBoost,0.6697365807902306,0.0,0.2700870931148529,,
sliding,45,17281,Dummy,0.38697864182662767,0.0,0.38697864182662767,,
sliding,45,17281,LightGBM,0.6436182153221336,0.0,0.2845326870149902,0.6353381105011707,0.6515657517612218
sliding,45,17281,Logistic Regression,0.7018666428063055,0.0,0.24212576223380874,0.6944162378142945,0.7092651268833147
sliding,45,17281,Random Forest,0.6561653290701283,0.007724839824859196,0.2365769107823059,,
sliding,45,17281,XGBoost,0.6391454835208248,0.0,0.28748926520347595,,
sliding,46,17702,Dummy,0.38697864182662767,0.0,0.38697864182662767,,
sliding,46,17702,LightGBM,0.6489188521257189,0.0,0.2691001975736002,0.6417331134541607,0.6567076735208588
sliding,46,17702,Logistic Regression,0.6990389771361448,0.0,0.24453404060905423,0.6911873209212307,0.706743910844327
sliding,46,17702,Random Forest,0.6493615677348871,0.006475555740579253,0.2417657241764893,,
sliding,46,17702,XGBoost,0.676079186250658,0.0,0.2642228603363037,,
sliding,47,18386,Dummy,0.38697864182662767,0.0,0.38697864182662767,,
sliding,47,18386,LightGBM,0.6474131185757026,0.0,0.27471466871817046,0.6390734084648518,0.6555225503642529
sliding,47,18386,Logistic Regression,0.6996311066879063,0.0,0.2407862589860189,0.6917203359927955,0.7071125634174908
sliding,47,18386,Random Forest,0.6658914824114835,0.01925633643833925,0.23650267203925013,,
sliding,47,18386,XGBoost,0.6737641981449544,0.0,0.2659241855144501,,
sliding,48,19000,Dummy,0.38697864182662767,0.0,0.38697864182662767,,
sliding,48,19000,LightGBM,0.6557949842529963,0.0,0.2634536229557499,0.6478916798716703,0.6626660570545796
sliding,48,19000,Logistic Regression,0.7016672266206281,0.0,0.23936111865474344,0.693705456294801,0.7091430496744185
sliding,48,19000,Random Forest,0.6545919686982961,0.02691706517205902,0.23838863680543512,,
sliding,48,19000,XGBoost,0.6422331465130596,0.0,0.28244972229003906,,
sliding,49,19845,Dummy,0.38697864182662767,0.0,0.38697864182662767,,
sliding,49,19845,LightGBM,0.6402357342364429,0.0,0.27845548422112637,0.6325440235069757,0.6481688807784758
sliding,49,19845,Logistic Regression,0.7057710127501293,0.0,0.24221407990219582,0.6981045469248426,0.7138537223535777
sliding,49,19845,Random Forest,0.6497684774073248,0.0017944604473005797,0.24188334849957147,,
sliding,49,19845,XGBoost,0.6249716620129419,0.0,0.3077436089515686,,
sliding,50,20452,Dummy,0.38697864182662767,0.0,0.38697864182662767,,
sliding,50,20452,LightGBM,0.6420291078758431,0.0,0.273154091363668,0.6337140613031068,0.6499945669509881
sliding,50,20452,Logistic Regression,0.707095327773064,0.0,0.24032343713576343,0.6993054817439188,0.7149173818134841
sliding,50,20452,Random Forest,0.6846913144612826,0.00498922755404201,0.22808841354107814,,
sliding,50,20452,XGBoost,0.6706169399300373,0.0,0.26208990812301636,,
sliding,51,20767,Dummy,0.38697864182662767,0.0,0.38697864182662767,,
sliding,51,20767,LightGBM,0.6300229064169227,0.0,0.2852304811728879,0.6217268658828097,0.6378687361409227
sliding,51,20767,Logistic Regression,0.7114753310189309,0.0,0.2334199749581675,0.704245085130062,0.7186495160935781
sliding,51,20767,Random Forest,0.661836888945973,0.021327517868271736,0.23680372063181795,,
sliding,51,20767,XGBoost,0.641259811956238,0.0,0.29360634088516235,,
sliding,52,21257,Dummy,0.38697864182662767,0.0,0.38697864182662767,,
sliding,52,21257,LightGBM,0.6396987628688088,0.0,0.2852587528673761,0.6314074283785199,0.6479337937376887
sliding,52,21257,Logistic Regression,0.7115927770743792,0.0,0.23500798667238199,0.7038548184240239,0.7191221091709565
sliding,52,21257,Random Forest,0.6724870168338196,0.018658507260505632,0.23157207356748266,,
sliding,52,21257,XGBoost,0.6286591335106699,0.0,0.29996269941329956,,
sliding,53,21637,Dummy,0.38697864182662767,0.0,0.38697864182662767,,
sliding,53,21637,LightGBM,0.6778337758785238,0.0,0.2510939586574912,0.6357911200483272,0.6533262318638141
sliding,53,21637,Logistic Regression,0.710774074146193,0.0,0.21734733110394355,0.7051181496391724,0.7199072959456716
sliding,53,21637,Random Forest,0.6832262714401406,0.013021718254357061,0.22856041101903093,,
sliding,53,21637,XGBoost,0.6928217713979157,0.0,0.25329020619392395,,
sliding,54,21379,Dummy,0.38697864182662767,0.0,0.38697864182662767,,
sliding,54,21379,LightGBM,0.6589313273661902,0.0,0.27406306044105244,0.6623538256287284,0.6773569910319969
sliding,54,21379,Logistic Regression,0.7100848193445118,0.0,0.3520846149705433,0.7054228520830408,0.7203103372487413
sliding,54,21379,Random Forest,0.7005982698585648,0.006742608355398189,0.22294789226592968,,
sliding,54,21379,XGBoost,0.6713783408809763,0.0,0.28244417905807495,,
sliding,55,21083,Dummy,0.38697864182662767,0.0,0.38697864182662767,,
sliding,55,21083,LightGBM,0.6975380693283771,0.0,0.24403855231223784,0.6694717976470157,0.6847163502204652
sliding,55,21083,Logistic Regression,0.716825604585825,0.0,0.3078092886832927,0.7095640937618454,0.7244232775077711
sliding,55,21083,Random Forest,0.7047326482487059,0.0052418203726100725,0.22332937923520105,,
sliding,55,21083,XGBoost,0.7066761946021604,0.0,0.24555659294128418,,
sliding,56,20762,Dummy,0.38697864182662767,0.0,0.38697864182662767,,
sliding,56,20762,LightGBM,0.6898474865270129,0.0,0.25204968822761653,0.6569269080583731,0.6722155368030029
sliding,56,20762,Logistic Regression,0.7221751730598749,0.0,0.30951249143367,0.7189051722819503,0.7337538230138613
sliding,56,20762,Random Forest,0.7102083854435746,0.012420902755362812,0.22024390477033748,,
sliding,56,20762,XGBoost,0.7144496848431876,0.0,0.22850626707077026,,
sliding,57,20756,Dummy,0.38697864182662767,0.0,0.38697864182662767,,
sliding,57,20756,LightGBM,0.7058846309187978,0.0,0.2267484927057822,0.6915332598488992,0.7066563573369684
sliding,57,20756,Logistic Regression,0.7290357500175048,0.0,0.2865789238204606,0.7259419438843497,0.7401998620267071
sliding,57,20756,Random Forest,0.7220292874085462,0.007007496113943254,0.21462828120318056,,
sliding,57,20756,XGBoost,0.7205043282233058,0.0,0.22129711508750916,,
sliding,58,20473,Dummy,0.38697864182662767,0.0,0.38697864182662767,,
sliding,58,20473,LightGBM,0.7190511159286158,0.0,0.22558803246306106,0.6851435046950997,0.6995399534696487
sliding,58,20473,Logistic Regression,0.7327019470781778,0.0,0.27226623419739776,0.7292485874983367,0.7437757648222961
sliding,58,20473,Random Forest,0.721531523836283,0.010084605990008204,0.21260439469087986,,
sliding,58,20473,XGBoost,0.7296394458619245,0.0,0.21122407913208008,,
sliding,59,20001,Dummy,0.38697864182662767,0.0,0.38697864182662767,,
sliding,59,20001,LightGBM,0.7426236665827696,0.0,0.20198206970405694,0.6949881921931095,0.710229254276519
sliding,59,20001,Logistic Regression,0.7460812701206674,0.0,0.18068479348067015,0.7332463397475465,0.7478144957184917
sliding,59,20001,Random Forest,0.7220483007678945,0.013063950302228754,0.21008662099225725,,
sliding,59,20001,XGBoost,0.7044828522676099,0.0,0.24803324043750763,,
sliding,60,20180,Dummy,0.38697864182662767,0.0,0.38697864182662767,,
sliding,60,20180,LightGBM,0.7266122931818014,0.0,0.2307529976084511,0.7109463307739993,0.725806127483623
sliding,60,20180,Logistic Regression,0.7473883088955495,0.0,0.18035982885652554,0.7357435426033156,0.7496141921319305
sliding,60,20180,Random Forest,0.7384831800377806,0.009698667820788983,0.20239719031176232,,
sliding,60,20180,XGBoost,0.7290568573976349,0.0,0.21944989264011383,,
sliding,61,20400,Dummy,0.38697864182662767,0.0,0.38697864182662767,,
sliding,61,20400,LightGBM,0.7488350127794815,0.0,0.19756977173710136,0.7251496973023603,0.73844619013036
sliding,61,20400,Logistic Regression,0.746603654812121,0.0,0.18923288621764753,0.7401787908086868,0.753636973482049
sliding,61,20400,Random Forest,0.7271188609917538,0.006815655280396628,0.20718714634326096,,
sliding,61,20400,XGBoost,0.7131267039454747,0.0,0.2066057026386261,,
sliding,62,20365,Dummy,0.38697864182662767,0.0,0.38697864182662767,,
sliding,62,20365,LightGBM,0.7333521390805492,0.0,0.21606608341091563,0.7037272281911846,0.7182589348749884
sliding,62,20365,Logistic Regression,0.7475500512512654,0.0,0.1906669512778526,0.7430426973291026,0.7567722636857075
sliding,62,20365,Random Forest,0.732987651485944,0.021550160838747872,0.20256973179377902,,
sliding,62,20365,XGBoost,0.7392092152501141,0.0,0.21065886318683624,,
sliding,63,20260,Dummy,0.38697864182662767,0.0,0.38697864182662767,,
sliding,63,20260,LightGBM,0.7500674026624106,0.0,0.20669624743384651,0.7264240084623629,0.7403210743876086
sliding,63,20260,Logistic Regression,0.7402417602985643,0.0,0.21376462899223,0.7405007600287355,0.7541221964940148
sliding,63,20260,Random Forest,0.7443962044622071,0.01830820929015988,0.19868809849336308,,
sliding,63,20260,XGBoost,0.7357850459837522,0.0,0.2172253131866455,,
sliding,64,19788,Dummy,0.38697864182662767,0.0,0.38697864182662767,,
sliding,64,19788,LightGBM,0.7790996949940946,0.0,0.18419598177307403,0.7242556079722365,0.7372573520218049
sliding,64,19788,Logistic Regression,0.7360585327037489,0.0,0.2459619920153482,0.7412834380740964,0.7554102537318523
sliding,64,19788,Random Forest,0.7525863991071401,0.004241346562538352,0.19643920008477636,,
sliding,64,19788,XGBoost,0.710452090925072,0.0,0.24916449189186096,,
sliding,65,19534,Dummy,0.38697864182662767,0.0,0.38697864182662767,,
sliding,65,19534,LightGBM,0.7757558802501983,0.0,0.187874937182984,0.7325652586789284,0.7460361573840548
sliding,65,19534,Logistic Regression,0.7517015616452092,0.0,0.17731179435458308,0.7449034889999611,0.7588001097877864
sliding,65,19534,Random Forest,0.7260143081182907,0.005811937006646447,0.20142727791805193,,
sliding,65,19534,XGBoost,0.7616409714809972,0.0,0.18501406908035278,,
sliding,66,19847,Dummy,0.38697864182662767,0.0,0.38697864182662767,,
sliding,66,19847,LightGBM,0.7868196713001536,0.0,0.18159126759284616,0.736415801961011,0.7493087043576542
sliding,66,19847,Logistic Regression,0.7326118969712939,0.0,0.25443528313936026,0.7421532329546245,0.7565619077502606
sliding,66,19847,Random Forest,0.7684119948068951,0.004227537021692869,0.18706763275394933,,
sliding,66,19847,XGBoost,0.7813070761220838,0.0,0.18231342732906342,,
sliding,67,19449,Dummy,0.38697864182662767,0.0,0.38697864182662767,,
sliding,67,19449,LightGBM,0.781384526299313,0.0,0.18674957310990217,0.7610743973064705,0.7733991303010889
sliding,67,19449,Logistic Regression,0.7507273124818186,0.0,0.17707336880817706,0.7508710190853221,0.7663046307242644
sliding,67,19449,Random Forest,0.7769998745573679,0.0022027820205200257,0.18235178127385454,,
sliding,67,19449,XGBoost,0.775364804234941,0.0,0.19665785133838654,,
sliding,68,19497,Dummy,0.38697864182662767,0.0,0.38697864182662767,,
sliding,68,19497,LightGBM,0.7930504891110841,0.0,0.17864400998651417,0.7646169524602999,0.7765445503669138
sliding,68,19497,Logistic Regression,0.7620283996290197,0.0,0.16620134313283222,0.7558489354203692,0.7696593222109022
sliding,68,19497,Random Forest,0.7810107771510343,0.0026758634598742772,0.17993627629581574,,
sliding,68,19497,XGBoost,0.7940122021564595,0.0,0.16976450383663177,,
sliding,69,19741,Dummy,0.38697864182662767,0.0,0.38697864182662767,,
sliding,69,19741,LightGBM,0.7732522846517936,0.0,0.1810636446302655,0.7643452083105315,0.7763567538380537
sliding,69,19741,Logistic Regression,0.7661060040215792,0.0,0.16457691206664388,0.7569781577478456,0.7704760914472341
sliding,69,19741,Random Forest,0.7677282497252076,0.019413015610933188,0.17792704494317166,,
sliding,69,19741,XGBoost,0.7909456444442879,0.0,0.1649700403213501,,
sliding,70,20214,Dummy,0.38697864182662767,0.0,0.38697864182662767,,
sliding,70,20214,LightGBM,0.8054204659228604,0.0,0.15839735547832245,0.7456341946178154,0.758147289296771
sliding,70,20214,Logistic Regression,0.7741532913191348,0.0,0.1613085140298678,0.7579753423137774,0.7717981228488188
sliding,70,20214,Random Forest,0.770846469894797,0.011347349986265286,0.174666231548768,,
sliding,70,20214,XGBoost,0.8023579403093674,0.0,0.15454961359500885,,
sliding,71,21106,Dummy,0.38697864182662767,0.0,0.38697864182662767,,
sliding,71,21106,LightGBM,0.8009096709797691,0.0,0.15712403209990983,0.7611623970466079,0.7733583246597984
sliding,71,21106,Logistic Regression,0.7703650198804152,0.0,0.16695995335935898,0.7579651148182827,0.7720005213420522
sliding,71,21106,Random Forest,0.7955233223216599,0.0017508980744329822,0.16600514048239304,,
sliding,71,21106,XGBoost,0.7956811692665507,0.0,0.1592152714729309,,
sliding,72,21814,Dummy,0.38697864182662767,0.0,0.38697864182662767,,
sliding,72,21814,LightGBM,0.7993764081810486,0.0,0.158968740182456,0.7771104384066696,0.7886874970921867
sliding,72,21814,Logistic Regression,0.7780692498200851,0.0,0.16189135356159423,0.7620051991139463,0.7756031498852265
sliding,72,21814,Random Forest,0.7965426982346501,0.002050045713013775,0.16552573648207491,,
sliding,72,21814,XGBoost,0.8024700067331079,0.0,0.1522189825773239,,
sliding,73,22393,Dummy,0.38697864182662767,0.0,0.38697864182662767,,
sliding,73,22393,LightGBM,0.8014090732904023,0.0,0.15968261628974156,0.7718308074611304,0.7834813020160841
sliding,73,22393,Logistic Regression,0.7823362976733351,0.0,0.15906580517765528,0.7625986037853141,0.7757874931803203
sliding,73,22393,Random Forest,0.7981260460171834,0.0029981264872807425,0.16502132619002818,,
sliding,73,22393,XGBoost,0.7946011186297358,0.0,0.16138465702533722,,
sliding,74,23231,Dummy,0.38697864182662767,0.0,0.38697864182662767,,
sliding,74,23231,LightGBM,0.8034207461864075,0.0,0.1577641017579376,0.7705730727187565,0.7820876871597484
sliding,74,23231,Logistic Regression,0.7844677591766104,0.0,0.15922390575756143,0.7635742792188882,0.7773152881141981
sliding,74,23231,Random Forest,0.7974025856001145,0.000613001177863788,0.1639346129379973,,
sliding,74,23231,XGBoost,0.7968577356481568,0.0,0.1600816547870636,,
sliding,75,23446,Dummy,0.38697864182662767,0.0,0.38697864182662767,,
sliding,75,23446,LightGBM,0.7939548127830354,0.0,0.1658097626120222,0.7794581757759498,0.7911295208327979
sliding,75,23446,Logistic Regression,0.7855917833984329,0.0,0.1576349318700468,0.7645402904311813,0.7779652369617713
sliding,75,23446,Random Forest,0.7737770009673829,0.01785433467821092,0.16798698059174255,,
sliding,75,23446,XGBoost,0.8020589338001413,0.0,0.1589743047952652,,
sliding,76,24156,Dummy,0.38697864182662767,0.0,0.38697864182662767,,
sliding,76,24156,LightGBM,0.7991198509948139,0.0,0.16256767637025912,0.7790632500573486,0.7901111214691326
sliding,76,24156,Logistic Regression,0.787100767568627,0.0,0.15698858015677836,0.7665944053306062,0.7799600270246506
sliding,76,24156,Random Forest,0.7979430321854597,0.0017919649933137547,0.1633752749687177,,
sliding,76,24156,XGBoost,0.7980745153650076,0.0,0.16209417581558228,,
sliding,77,25044,Dummy,0.38697864182662767,0.0,0.38697864182662767,,
sliding,77,25044,LightGBM,0.7902212092323074,0.0,0.16938833720505472,0.7786775375568616,0.790159574072215
sliding,77,25044,Logistic Regression,0.7859274280900572,0.0,0.1576332929200551,0.7664476396343216,0.7799205281290694
sliding,77,25044,Random Forest,0.7702641392982335,0.00496642365985713,0.16638536220826272,,
sliding,77,25044,XGBoost,0.7898398419001192,0.0,0.1708158403635025,,
sliding,78,26022,Dummy,0.38697864182662767,0.0,0.38697864182662767,,
sliding,78,26022,LightGBM,0.7926716909612722,0.0,0.1683435075964229,0.7913126525394412,0.8019457273323819
sliding,78,26022,Logistic Regression,0.7873966432542027,0.0,0.15881710939264693,0.7670337949049383,0.7810559855752996
sliding,78,26022,Random Forest,0.7848642652618766,0.010790966868186322,0.16312864778440814,,
sliding,78,26022,XGBoost,0.7843434192302351,0.0,0.1812898963689804,,
sliding,79,26342,Dummy,0.38697864182662767,0.0,0.38697864182662767,,
sliding,79,26342,LightGBM,0.7993377963872682,0.0,0.16212541425925206,0.7878565498542023,0.7991238115927527
sliding,79,26342,Logistic Regression,0.7885994232833436,0.0,0.15739988359477505,0.7696859222889726,0.7828267377202945
sliding,79,26342,Random Forest,0.7961767908049976,0.0017618796136201634,0.1612602642888017,,
sliding,79,26342,XGBoost,0.7950244779663787,0.0,0.16262070834636688,,
sliding,80,27241,Dummy,0.38697864182662767,0.0,0.38697864182662767,,
sliding,80,27241,LightGBM,0.8052403749964863,0.0,0.15944310078075222,0.7880311481903423,0.798874797759291
sliding,80,27241,Logistic Regression,0.789377358990566,0.0,0.15722664944834797,0.7711810028862857,0.7844002733981854
sliding,80,27241,Random Forest,0.7966280459510654,0.0019058807757480452,0.16050666839023686,,
sliding,80,27241,XGBoost,0.7983576425471083,0.0,0.16137650609016418,,
sliding,81,27858,Dummy,0.38697864182662767,0.0,0.38697864182662767,,
sliding,81,27858,LightGBM,0.796618359190966,0.0,0.1655702154272685,0.787179577780506,0.7984449335545658
sliding,81,27858,Logistic Regression,0.7905515371721196,0.0,0.15703777899544105,0.7713237008389835,0.7847219142967022
sliding,81,27858,Random Forest,0.7886243525545372,0.016665581122033757,0.1621435568016979,,
sliding,81,27858,XGBoost,0.7925075239839937,0.0,0.1683719903230667,,
sliding,82,28410,Dummy,0.38697864182662767,0.0,0.38697864182662767,,
sliding,82,28410,LightGBM,0.7957097246493262,0.0,0.16609877590991076,0.7878220388800764,0.7992574298347646
sliding,82,28410,Logistic Regression,0.7893587963013081,0.0,0.15707920582118157,0.7732275937406887,0.7860700429313285
sliding,82,28410,Random Forest,0.775025753828856,0.0006469799879688963,0.1642436932614605,,
sliding,82,28410,XGBoost,0.8034269501975312,0.0,0.16033683717250824,,
sliding,83,28943,Dummy,0.38697864182662767,0.0,0.38697864182662767,,
sliding,83,28943,LightGBM,0.8019020085512739,0.0,0.16218937485874182,0.7849581447435824,0.7962181845838009
sliding,83,28943,Logistic Regression,0.7892949277317683,0.0,0.15690215201129554,0.7738537621669842,0.787011448081574
sliding,83,28943,Random Forest,0.7777641592998966,0.0013501730442041667,0.16423202978258353,,
sliding,83,28943,XGBoost,0.8039918844962298,0.0,0.1589508205652237,,
sliding,84,29404,Dummy,0.38697864182662767,0.0,0.38697864182662767,,
sliding,84,29404,LightGBM,0.8020415586636208,0.0,0.16205239782090833,0.7935137944952152,0.8043476316527159
sliding,84,29404,Logistic Regression,0.7900186145037508,0.0,0.15673029402538094,0.7739605635260647,0.787112423718486
sliding,84,29404,Random Forest,0.7861907443399807,0.0164156179380076,0.1626960468560413,,
sliding,84,29404,XGBoost,0.7905548502710292,0.0,0.1707756221294403,,
sliding,85,29807,Dummy,0.38697864182662767,0.0,0.38697864182662767,,
sliding,85,29807,LightGBM,0.8104155127569809,0.0,0.15663680514375455,0.7952952162728822,0.8063889442172282
sliding,85,29807,Logistic Regression,0.7910029039291335,0.0,0.1565221104158999,0.7750121178024982,0.7882407098003709
sliding,85,29807,Random Forest,0.782091242046286,0.003361548126320645,0.16235827161873567,,
sliding,85,29807,XGBoost,0.7851384302159367,0.0,0.180113285779953,,
sliding,86,30043,Dummy,0.38697864182662767,0.0,0.38697864182662767,,
sliding,86,30043,LightGBM,0.7991434913146568,0.0,0.16482560837890123,0.7974782413741918,0.8084366131573387
sliding,86,30043,Logistic Regression,0.787714247018784,0.0,0.1565951207837217,0.7760189263316288,0.7885421421519182
sliding,86,30043,Random Forest,0.804461797615302,0.004330494065774097,0.15777548527036536,,
sliding,86,30043,XGBoost,0.8104471263999371,0.0,0.15535849332809448,,
sliding,87,30265,Dummy,0.38697864182662767,0.0,0.38697864182662767,,
sliding,87,30265,LightGBM,0.797517744702389,0.0,0.1641561177607207,0.8007081669870532,0.8109214485682811
sliding,87,30265,Logistic Regression,0.7886372935088382,0.0,0.15683464193794758,0.7746902090118065,0.7879793225715034
sliding,87,30265,Random Forest,0.78188602967007,0.003116450489749398,0.16160304319534027,,
sliding,87,30265,XGBoost,0.7958824832406995,0.0,0.16543222963809967,,
sliding,88,30356,Dummy,0.38697864182662767,0.0,0.38697864182662767,,
sliding,88,30356,LightGBM,0.8141419180991245,0.0,0.1532876503145081,0.8004119949564008,0.8111804480494454
sliding,88,30356,Logistic Regression,0.7881729074325539,0.0,0.15686134016609013,0.7755392632525901,0.789035730605412
sliding,88,30356,Random Forest,0.7999953797841229,0.0020554306486640374,0.1589121039507647,,
sliding,88,30356,XGBoost,0.8112702503274848,0.0,0.15383665263652802,,
sliding,89,30465,Dummy,0.38697864182662767,0.0,0.38697864182662767,,
sliding,89,30465,LightGBM,0.8037421285183343,0.0,0.16245824599870953,0.8006979648746915,0.8110805435530051
sliding,89,30465,Logistic Regression,0.7901469038511969,0.0,0.15599628748248942,0.7758366085951668,0.7877705006935214
sliding,89,30465,Random Forest,0.7808999145726307,0.0015130104899384938,0.16150829660998953,,
sliding,89,30465,XGBoost,0.818791406807767,0.0,0.14917902648448944,,
sliding,90,30663,Dummy,0.38697864182662767,0.0,0.38697864182662767,,
sliding,90,30663,LightGBM,0.8079013873727412,0.0,0.1595996862570893,0.805031569239423,0.8159998912292219
sliding,90,30663,Logistic Regression,0.7895926314771525,0.0,0.15652907249669315,0.7748818924815696,0.7885951683270975
sliding,90,30663,Random Forest,0.7928452656692926,0.010706447892603922,0.15891795390686456,,
sliding,90,30663,XGBoost,0.7936734207526035,0.0,0.17559005320072174,,
sliding,91,30903,Dummy,0.38697864182662767,0.0,0.38697864182662767,,
sliding,91,30903,LightGBM,0.8038467408254966,0.0,0.16196482942172996,0.7968797495083583,0.8083006602185684
sliding,91,30903,Logistic Regression,0.7896043872062011,0.0,0.15645048151696206,0.7759568514211221,0.7890654550132721
sliding,91,30903,Random Forest,0.8053056965299296,0.003036760273121561,0.15642849172166537,,
sliding,91,30903,XGBoost,0.7949274814743958,0.0,0.1761385053396225,,
sliding,92,30839,Dummy,0.38697864182662767,0.0,0.38697864182662767,,
sliding,92,30839,LightGBM,0.8079657687182825,0.0,0.15838876711406352,0.8014884105088067,0.8122495251342605
sliding,92,30839,Logistic Regression,0.7902019654574589,0.0,0.15617409372320876,0.7758131777020345,0.7889309517027367
sliding,92,30839,Random Forest,0.8066015509705323,0.0038547748924403443,0.156401859957233,,
sliding,92,30839,XGBoost,0.7989923259266388,0.0,0.16289901733398438,,
sliding,93,31205,Dummy,0.38697864182662767,0.0,0.38697864182662767,,
sliding,93,31205,LightGBM,0.8097505595751316,0.0,0.15656141010983757,0.8045026817522924,0.814999050312694
sliding,93,31205,Logistic Regression,0.7891818124932314,0.0,0.15627914873347976,0.7757263865636943,0.7889140909252355
sliding,93,31205,Random Forest,0.8008009906878121,0.016061538933149787,0.15635149631660333,,
sliding,93,31205,XGBoost,0.8180755020089184,0.0,0.1493845134973526,,
sliding,94,31233,Dummy,0.38697864182662767,0.0,0.38697864182662767,,
sliding,94,31233,LightGBM,0.8042959896042037,0.0,0.16121678769285122,0.8045778697044325,0.8151029892343603
sliding,94,31233,Logistic Regression,0.7883142248769816,0.0,0.15611262831923867,0.7758920177694983,0.7897962473430827
sliding,94,31233,Random Forest,0.7941922574958061,0.01155260699669094,0.15754393786873697,,
sliding,94,31233,XGBoost,0.8126502298671032,0.0,0.15266232192516327,,
sliding,95,31591,Dummy,0.38697864182662767,0.0,0.38697864182662767,,
sliding,95,31591,LightGBM,0.8111041026181821,0.0,0.1556413143239592,0.8064860166929588,0.8169320991440466
sliding,95,31591,Logistic Regression,0.7840245733452759,0.0,0.15750191452650483,0.774116101065302,0.7883614295019509
sliding,95,31591,Random Forest,0.8057146697568148,0.0004041543111322907,0.15532465871618717,,
sliding,95,31591,XGBoost,0.8163213124251195,0.0,0.15063464641571045,,
sliding,96,31672,Dummy,0.38697864182662767,0.0,0.38697864182662767,,
sliding,96,31672,LightGBM,0.8067430418581475,0.0,0.15672350711167624,0.8101655192304584,0.8208937537531892
sliding,96,31672,Logistic Regression,0.7813509580042503,0.0,0.15777964039096207,0.7723149616332384,0.7864189085516797
sliding,96,31672,Random Forest,0.8069259128057951,0.0013624851490473104,0.1551271096556696,,
sliding,96,31672,XGBoost,0.8121297280546106,0.0,0.15339285135269165,,
sliding,97,31641,Dummy,0.38697864182662767,0.0,0.38697864182662767,,
sliding,97,31641,LightGBM,0.804750672657217,0.0,0.1605823858654265,0.811887466876758,0.8225056207816634
sliding,97,31641,Logistic Regression,0.7805921795009491,0.0,0.15782812000339713,0.7734005392856901,0.7861881260998344
sliding,97,31641,Random Forest,0.8090722886383733,0.00422366497022915,0.1543622926248156,,
sliding,97,31641,XGBoost,0.8162502081564141,0.0,0.1528698354959488,,
sliding,98,31908,Dummy,0.38697864182662767,0.0,0.38697864182662767,,
sliding,98,31908,LightGBM,0.8121118211236281,0.0,0.15487465124628855,0.811710076986837,0.8224215573336908
sliding,98,31908,Logistic Regression,0.7820582903191742,0.0,0.15651437407750599,0.7729347332334289,0.7858438565625749
sliding,98,31908,Random Forest,0.8000459230615068,0.015591884025483156,0.15613729625975786,,
sliding,98,31908,XGBoost,0.8131188816698014,0.0,0.1534148007631302,,
sliding,99,31798,Dummy,0.38697864182662767,0.0,0.38697864182662767,,
sliding,99,31798,LightGBM,0.8059603199418608,0.0,0.1577825216794755,0.8135243285017179,0.8238572236404669
sliding,99,31798,Logistic Regression,0.7844662583399473,0.0,0.1560958968518045,0.7734816296675081,0.7864172167210318
sliding,99,31798,Random Forest,0.8069464768105225,0.00027798823413320545,0.15554059249053473,,
sliding,99,31798,XGBoost,0.8118030352047962,0.0,0.15462079644203186,,
sliding,100,31347,Dummy,0.38697864182662767,0.0,0.38697864182662767,,
sliding,100,31347,LightGBM,0.8077724667359831,0.0,0.15589462906238263,0.811937406376233,0.8225218349743908
sliding,100,31347,Logistic Regression,0.7833967941143066,0.0,0.15646195844250063,0.7731468284601604,0.7863693225256787
sliding,100,31347,Random Forest,0.8092354872274768,0.001370175136189392,0.15451233665804862,,
sliding,100,31347,XGBoost,0.8120062643439331,0.0,0.15503047406673431,,
sliding,101,31177,Dummy,0.38697864182662767,0.0,0.38697864182662767,,
sliding,101,31177,LightGBM,0.8106323913457553,0.0,0.15681030322809425,0.8122817835528395,0.8229433439949224
sliding,101,31177,Logistic Regression,0.7876523937428277,0.0,0.1554054719309646,0.7734753209167364,0.786803944480489
sliding,101,31177,Random Forest,0.8087518056324153,0.003759662002039688,0.1539409373400956,,
sliding,101,31177,XGBoost,0.8184416170733527,0.0,0.14952053129673004,,
sliding,102,30797,Dummy,0.38697864182662767,0.0,0.38697864182662767,,
sliding,102,30797,LightGBM,0.8045750686885572,0.0,0.1598805987076876,0.8132333083671138,0.8234825905174606
sliding,102,30797,Logistic Regression,0.7856595065602437,0.0,0.1563031261704293,0.7734150543823763,0.7870326425755142
sliding,102,30797,Random Forest,0.8128110427091539,0.00026209611762313825,0.15281370306145584,,
sliding,102,30797,XGBoost,0.7960590607865186,0.0,0.1746646612882614,,
sliding,103,30492,Dummy,0.38697864182662767,0.0,0.38697864182662767,,
sliding,103,30492,LightGBM,0.8148857569678257,0.0,0.15082283884510034,0.8130057946240106,0.8234678483864712
sliding,103,30492,Logistic Regression,0.7873333828231989,0.0,0.15621753349544729,0.7740837052570814,0.7873804103643309
sliding,103,30492,Random Forest,0.8121989229027701,0.002519299246458713,0.15312772600759497,,
sliding,103,30492,XGBoost,0.8209358239019678,0.0,0.14646193385124207,,
sliding,104,29642,Dummy,0.38697864182662767,0.0,0.38697864182662767,,
sliding,104,29642,LightGBM,0.808150582154577,0.0,0.15095376726302687,0.8145968738687647,0.8250213640885959
sliding,104,29642,Logistic Regression,0.7739086495315691,0.0,0.1669004734379377,0.7741526562264294,0.7879733925937936
sliding,104,29642,Random Forest,0.8091439387356439,0.001381635827853585,0.1540350667432322,,
sliding,104,29642,XGBoost,0.8120203269186358,0.0,0.14868268370628357,,
sliding,105,29288,Dummy,0.38697864182662767,0.0,0.38697864182662767,,
sliding,105,29288,LightGBM,0.8101118942877829,0.0,0.1501572753166495,0.8142487013078661,0.8250740244214553
sliding,105,29288,Logistic Regression,0.769828763862544,0.0,0.1678216505484931,0.775008323947769,0.7881884846827437
sliding,105,29288,Random Forest,0.8079314932323779,0.003534828281176023,0.1540123853844886,,
sliding,105,29288,XGBoost,0.8106883663204943,0.0,0.14654068648815155,,
sliding,106,29239,Dummy,0.38697864182662767,0.0,0.38697864182662767,,
sliding,106,29239,LightGBM,0.8107069258738239,0.0,0.15051500748383514,0.8148219309821265,0.8252476144744016
sliding,106,29239,Logistic Regression,0.758572524380893,0.0,0.17899538617518837,0.7750910732905882,0.7882818846075184
sliding,106,29239,Random Forest,0.8067351425268466,0.001027271453808312,0.15509149641959433,,
sliding,106,29239,XGBoost,0.7810138129715746,0.0,0.17278525233268738,,
