window,cutoff_week,n_train,model,pr_auc,pr_auc_sd,brier,n_test,ci_low,ci_high
cumulative,28,844,Dummy,0.46510020732550106,0.0,0.46510020732550106,2894,,
cumulative,28,844,LightGBM,0.8989044960472211,0.0,0.16117890358031567,2894,0.8869047884884395,0.9105778526349143
cumulative,28,844,Logistic Regression,0.905188537589146,0.0,0.1613718150782166,2894,0.8894930075521882,0.9187645913899117
cumulative,28,844,Random Forest,0.9163266501912593,0.00393437979966038,0.11743075354823777,2894,,
cumulative,28,844,XGBoost,0.9070870633950268,0.0,0.13923797011375427,2894,,
cumulative,29,1537,Dummy,0.4615612941525675,0.0,0.4615612941525675,3369,,
cumulative,29,1537,LightGBM,0.8695437885313243,0.0,0.1934000994880776,3369,0.855874815421944,0.8821442360969659
cumulative,29,1537,Logistic Regression,0.8022622613133463,0.0,0.1524806430517965,3369,0.7789400599734155,0.8264859373577208
cumulative,29,1537,Random Forest,0.873090439248667,0.005382804762918491,0.14585499242820443,3369,,
cumulative,29,1537,XGBoost,0.9026179912217311,0.0,0.14532704651355743,3369,,
cumulative,30,2307,Dummy,0.42149005639655684,0.0,0.42149005639655684,3369,,
cumulative,30,2307,LightGBM,0.9024437833665807,0.0,0.12344644481213808,3369,0.8911139078453304,0.9135812107080141
cumulative,30,2307,Logistic Regression,0.8085893237504593,0.0,0.2140831321954911,3369,0.7840605265301849,0.8327375689829767
cumulative,30,2307,Random Forest,0.8717985675714722,0.002826900740805294,0.13793334001591004,3369,,
cumulative,30,2307,XGBoost,0.902352878262619,0.0,0.12447291612625122,3369,,
cumulative,31,2886,Dummy,0.409767050238563,0.0,0.409767050238563,3563,,
cumulative,31,2886,LightGBM,0.9094843854810749,0.0,0.12377725193816351,3563,0.898970671959029,0.9195313819463408
cumulative,31,2886,Logistic Regression,0.8150273834839964,0.0,0.1419696411500059,3563,0.7924216333769393,0.8390097703679981
cumulative,31,2886,Random Forest,0.9080578970928679,0.0033850589137701995,0.1129162873538447,3563,,
cumulative,31,2886,XGBoost,0.9098175733849301,0.0,0.12646040320396423,3563,,
cumulative,32,3738,Dummy,0.40032068412613575,0.0,0.40032068412613575,3742,,
cumulative,32,3738,LightGBM,0.9109979157168162,0.0,0.10944761644820906,3742,0.9006919027175732,0.9213833167331598
cumulative,32,3738,Logistic Regression,0.872017612192839,0.0,0.13161575648609686,3742,0.8594061060134542,0.8848925156440609
cumulative,32,3738,Random Forest,0.9077132795154373,0.004834443359083296,0.10894088946557595,3742,,
cumulative,32,3738,XGBoost,0.9106629469448113,0.0,0.10926531255245209,3742,,
cumulative,33,4906,Dummy,0.3726389638424177,0.0,0.3726389638424177,3706,,
cumulative,33,4906,LightGBM,0.9061565523640972,0.0,0.1146809041378391,3706,0.8937122247130133,0.9164449492479638
cumulative,33,4906,Logistic Regression,0.872211021484732,0.0,0.12019484635171103,3706,0.8585467202045123,0.8843071355548063
cumulative,33,4906,Random Forest,0.8962688712227641,0.0018853700822059557,0.1063263618765307,3706,,
cumulative,33,4906,XGBoost,0.9011573767711095,0.0,0.1185763031244278,3706,,
cumulative,34,5676,Dummy,0.4030647782679359,0.0,0.4030647782679359,4307,,
cumulative,34,5676,LightGBM,0.932568290061894,0.0,0.10405200135700159,4307,0.9247383996999398,0.9398627974695541
cumulative,34,5676,Logistic Regression,0.8623471245836741,0.0,0.14119005214230074,4307,0.8492605600388722,0.8748434785823611
cumulative,34,5676,Random Forest,0.9133421450398528,0.003617854241569211,0.10459096988787779,4307,,
cumulative,34,5676,XGBoost,0.9248892670182457,0.0,0.10494644194841385,4307,,
cumulative,35,6449,Dummy,0.40781314592806944,0.0,0.40781314592806944,4838,,
cumulative,35,6449,LightGBM,0.9365924575012338,0.0,0.08997860329186454,4838,0.929447109411924,0.9434197107290735
cumulative,35,6449,Logistic Regression,0.8855010895409935,0.0,0.13537239347262528,4838,0.8751721128733038,0.895693850046338
cumulative,35,6449,Random Forest,0.9263525438879782,0.0031667552040624517,0.10152609965948396,4838,,
cumulative,35,6449,XGBoost,0.9375113372485432,0.0,0.09438813477754593,4838,,
cumulative,36,7480,Dummy,0.40827300930713545,0.0,0.40827300930713545,4835,,
cumulative,36,7480,LightGBM,0.9519858604591019,0.0,0.07869143899773956,4835,0.9459610784892686,0.9577376795741152
cumulative,36,7480,Logistic Regression,0.9073990371951227,0.0,0.12863676721323178,4835,0.8978162367060458,0.9166380944141512
cumulative,36,7480,Random Forest,0.9397299907002815,0.005867836829779775,0.09214138082803026,4835,,
cumulative,36,7480,XGBoost,0.9456200581913534,0.0,0.08881376683712006,4835,,
cumulative,37,8612,Dummy,0.42241379310344823,0.0,0.42241379310344823,5104,,
cumulative,37,8612,LightGBM,0.9506515215160984,0.0,0.08261784375980717,5104,0.9442147693704117,0.9561100066426834
cumulative,37,8612,Logistic Regression,0.8528879627725822,0.0,0.1485809177064764,5104,0.841441909856963,0.8646824070126565
cumulative,37,8612,Random Forest,0.9575105195635771,0.0002853428389289602,0.094933840867854,5104,,
cumulative,37,8612,XGBoost,0.9588558497044787,0.0,0.07418250292539597,5104,,
cumulative,38,9983,Dummy,0.401816347124117,0.0,0.401816347124117,4955,,
cumulative,38,9983,LightGBM,0.9423496558126914,0.0,0.08123083218612077,4955,0.9358041949534581,0.9494488346653275
cumulative,38,9983,Logistic Regression,0.9141061129136149,0.0,0.10661207775198477,4955,0.9047870675077279,0.9226129160887517
cumulative,38,9983,Random Forest,0.9426679833215476,0.005041685407427804,0.09259857666563857,4955,,
cumulative,38,9983,XGBoost,0.9329279905770244,0.0,0.0971342995762825,4955,,
cumulative,39,11287,Dummy,0.37049967270346934,0.0,0.37049967270346934,4583,,
cumulative,39,11287,LightGBM,0.934406478017824,0.0,0.0817507736972257,4583,0.9262599435240577,0.9419259082197359
cumulative,39,11287,Logistic Regression,0.8684436206181635,0.0,0.12496865298225086,4583,0.8537079866981948,0.8823654283878406
cumulative,39,11287,Random Forest,0.9390411267636435,0.0010572680876444797,0.08979572386014505,4583,,
cumulative,39,11287,XGBoost,0.9329694323296299,0.0,0.08455146849155426,4583,,
cumulative,40,12315,Dummy,0.34517077584256955,0.0,0.34517077584256955,4421,,
cumulative,40,12315,LightGBM,0.9230362488904461,0.0,0.08404223812842167,4421,0.9140550096953725,0.9312780361819558
cumulative,40,12315,Logistic Regression,0.8414285409758947,0.0,0.12959389817867342,4421,0.8250730377927047,0.8570320150676152
cumulative,40,12315,Random Forest,0.9173678851337678,0.003956791844465201,0.09344578594174051,4421,,
cumulative,40,12315,XGBoost,0.9356701213578956,0.0,0.07587801665067673,4421,,
cumulative,41,13716,Dummy,0.29424964936886394,0.0,0.29424964936886394,3565,,
cumulative,41,13716,LightGBM,0.9356555594638242,0.0,0.0633978286155839,3565,0.925090688902343,0.9457610955610289
cumulative,41,13716,Logistic Regression,0.8401860369008408,0.0,0.10223732793972075,3565,0.8156348365973871,0.8654618787035431
cumulative,41,13716,Random Forest,0.9254880492169688,0.002662126886741744,0.08164868376567842,3565,,
cumulative,41,13716,XGBoost,0.9411459521474729,0.0,0.06005118042230606,3565,,
cumulative,42,14938,Dummy,0.2655571635311143,0.0,0.2655571635311143,2764,,
cumulative,42,14938,LightGBM,0.909103267185919,0.0,0.06981260081388323,2764,0.8935696652698465,0.9244455911071018
cumulative,42,14938,Logistic Regression,0.8499699649288481,0.0,0.10297124039439881,2764,0.8230111366629547,0.8741493948045472
cumulative,42,14938,Random Forest,0.9169241090834138,0.0032745094952414838,0.08083506396341798,2764,,
cumulative,42,14938,XGBoost,0.9125415319894569,0.0,0.06938774138689041,2764,,
cumulative,43,15870,Dummy,0.23608903020667726,0.0,0.23608903020667726,2516,,
cumulative,43,15870,LightGBM,0.8730424231187383,0.0,0.07544512528181566,2516,0.8525987813506543,0.8920362637508331
cumulative,43,15870,Logistic Regression,0.8333757794152342,0.0,0.10113810469715452,2516,0.8063065828979458,0.8573655544977306
cumulative,43,15870,Random Forest,0.8665745273519175,0.007415364764128915,0.08222508060807755,2516,,
cumulative,43,15870,XGBoost,0.8680492115658464,0.0,0.07593365013599396,2516,,
cumulative,44,16736,Dummy,0.20848056537102475,0.0,0.20848056537102475,2264,,
cumulative,44,16736,LightGBM,0.8364176780783491,0.0,0.08055526475165055,2264,0.8090273570866368,0.8623226266503202
cumulative,44,16736,Logistic Regression,0.7794714349066286,0.0,0.09259390261920075,2264,0.7419453144894423,0.8110335324274697
cumulative,44,16736,Random Forest,0.8641791261130108,0.009828810383415789,0.0840141462847509,2264,,
cumulative,44,16736,XGBoost,0.8016395083627206,0.0,0.09327361732721329,2264,,
cumulative,45,17281,Dummy,0.25585023400936036,0.0,0.25585023400936036,2564,,
cumulative,45,17281,LightGBM,0.8972467067293302,0.0,0.07799922282961992,2564,0.8771770560179264,0.9138057124673311
cumulative,45,17281,Logistic Regression,0.8196980530817243,0.0,0.09664499338835984,2564,0.7921452060627535,0.8451201122042106
cumulative,45,17281,Random Forest,0.8924404310608699,0.005537009080181563,0.08971606628810529,2564,,
cumulative,45,17281,XGBoost,0.8646686672055061,0.0,0.09679456055164337,2564,,
cumulative,46,17702,Dummy,0.2938181818181818,0.0,0.2938181818181818,2750,,
cumulative,46,17702,LightGBM,0.9457163471015471,0.0,0.06134259922494508,2750,0.9342008251718072,0.9557285964059017
cumulative,46,17702,Logistic Regression,0.8955055362024988,0.0,0.0866058168652344,2750,0.8746997577868565,0.9155251515871237
cumulative,46,17702,Random Forest,0.939022686493717,0.002025968471063156,0.07593922718177597,2750,,
cumulative,46,17702,XGBoost,0.9499716499136349,0.0,0.05552242696285248,2750,,
cumulative,47,18386,Dummy,0.32003359932801345,0.0,0.32003359932801345,2381,,
cumulative,47,18386,LightGBM,0.9618929471938675,0.0,0.05629481465225159,2381,0.952287067384058,0.9710175396923211
cumulative,47,18386,Logistic Regression,0.8997800621747886,0.0,0.08385857431936329,2381,0.8778143761192787,0.9194992974399857
cumulative,47,18386,Random Forest,0.9625629943371518,0.0036543888264358366,0.07702925869108636,2381,,
cumulative,47,18386,XGBoost,0.9554982304299428,0.0,0.06027820333838463,2381,,
cumulative,48,19000,Dummy,0.3380593708462561,0.0,0.3380593708462561,2257,,
cumulative,48,19000,LightGBM,0.9653788045693138,0.0,0.048732509913152484,2257,0.9566138737411077,0.9736933758464521
cumulative,48,19000,Logistic Regression,0.9266450167790424,0.0,0.07378359208632365,2257,0.9086268941191473,0.9414514730821587
cumulative,48,19000,Random Forest,0.9569507375409732,0.007791710909564282,0.0728032046652738,2257,,
cumulative,48,19000,XGBoost,0.9622802037578362,0.0,0.05143902450799942,2257,,
cumulative,49,19845,Dummy,0.32124593212459324,0.0,0.32124593212459324,2151,,
cumulative,49,19845,LightGBM,0.9477147500900317,0.0,0.05988434707677876,2151,0.936250897402647,0.9582130315124223
cumulative,49,19845,Logistic Regression,0.9258207223741989,0.0,0.07439756027933146,2151,0.904713821573366,0.94345873190842
cumulative,49,19845,Random Forest,0.9395203828874538,0.0008582506964122692,0.0698069570382205,2151,,
cumulative,49,19845,XGBoost,0.9369532871512026,0.0,0.07170557230710983,2151,,
cumulative,50,20452,Dummy,0.2704686617730096,0.0,0.2704686617730096,1771,,
cumulative,50,20452,LightGBM,0.8780728724256077,0.0,0.08415057630018012,1771,0.8533076566981699,0.8999960007274005
cumulative,50,20452,Logistic Regression,0.883766378779082,0.0,0.08390506392826641,1771,0.8587900993858495,0.9071056421289421
cumulative,50,20452,Random Forest,0.8888234257476683,0.007981535774902791,0.09390613435167806,1771,,
cumulative,50,20452,XGBoost,0.9003476087397574,0.0,0.0728844553232193,1771,,
cumulative,51,20767,Dummy,0.2676740420939018,0.0,0.2676740420939018,1853,,
cumulative,51,20767,LightGBM,0.8692207407155724,0.0,0.0861543875149957,1853,0.8457440023122611,0.8929132499138781
cumulative,51,20767,Logistic Regression,0.8420078465287727,0.0,0.08702058286033053,1853,0.8045806685603826,0.8786107628325184
cumulative,51,20767,Random Forest,0.8668011992123864,0.010200452398274211,0.09662053869744514,1853,,
cumulative,51,20767,XGBoost,0.8310676934103954,0.0,0.10433199256658554,1853,,
cumulative,52,21257,Dummy,0.25,0.0,0.25,1812,,
cumulative,52,21257,LightGBM,0.8082175552752955,0.0,0.09992081350152077,1812,0.7761625494374472,0.8401762838237332
cumulative,52,21257,Logistic Regression,0.6988158954391995,0.0,0.10960805066213775,1812,0.6535335780989646,0.7460152508137889
cumulative,52,21257,Random Forest,0.7998751731087609,0.006232316494217863,0.10853906530741748,1812,,
cumulative,52,21257,XGBoost,0.7652591004041011,0.0,0.12058320641517639,1812,,
cumulative,53,21996,Dummy,0.2375455650060753,0.0,0.2375455650060753,1646,,
cumulative,53,21996,LightGBM,0.737232825417434,0.0,0.11685317324439054,1646,0.6987311757016904,0.7771615741885255
cumulative,53,21996,Logistic Regression,0.6154336095782831,0.0,0.12960393406007914,1646,0.5695674917905372,0.6696213959509462
cumulative,53,21996,Random Forest,0.7530284398030104,0.007040756158025382,0.11359838317554838,1646,,
cumulative,53,21996,XGBoost,0.7308232240703024,0.0,0.1172994077205658,1646,,
cumulative,54,22223,Dummy,0.2409456740442656,0.0,0.2409456740442656,1988,,
cumulative,54,22223,LightGBM,0.7411422734779446,0.0,0.12081411178974745,1988,0.704904662490644,0.7745076717874848
cumulative,54,22223,Logistic Regression,0.6190773887432265,0.0,0.13540038570726343,1988,0.5781479653906653,0.6654457399688992
cumulative,54,22223,Random Forest,0.7414687742826898,0.0031967142456586673,0.11372043901850137,1988,,
cumulative,54,22223,XGBoost,0.7353044005583306,0.0,0.11938948929309845,1988,,
cumulative,55,22620,Dummy,0.2404897245299519,0.0,0.2404897245299519,2287,,
cumulative,55,22620,LightGBM,0.7495027305158014,0.0,0.11868492438165489,2287,0.7192671775508382,0.7802138995224841
cumulative,55,22620,Logistic Regression,0.6003839932794333,0.0,0.14057720040998803,2287,0.5530493684319786,0.6432139437627072
cumulative,55,22620,Random Forest,0.7154558816532983,0.010286343082906532,0.12009183295555707,2287,,
cumulative,55,22620,XGBoost,0.7052124357576949,0.0,0.12789516150951385,2287,,
cumulative,56,23069,Dummy,0.27412988876928596,0.0,0.27412988876928596,2787,,
cumulative,56,23069,LightGBM,0.8358840384279982,0.0,0.1049951192140685,2787,0.8153114596073303,0.8554397594887762
cumulative,56,23069,Logistic Regression,0.7041268389801644,0.0,0.13810815925197045,2787,0.6720579764400416,0.7411997200507736
cumulative,56,23069,Random Forest,0.7965136557756818,0.008629160711014083,0.12177893624261309,2787,,
cumulative,56,23069,XGBoost,0.8059024657355581,0.0,0.11132790893316269,2787,,
cumulative,57,23642,Dummy,0.3086997193638915,0.0,0.3086997193638915,3207,,
cumulative,57,23642,LightGBM,0.8584020432723637,0.0,0.10465220014839695,3207,0.8410077670035937,0.8735105342622961
cumulative,57,23642,Logistic Regression,0.7867873347760628,0.0,0.12853105155037423,3207,0.762097426262382,0.811597664491537
cumulative,57,23642,Random Forest,0.8389006677645047,0.002333703366395141,0.1227360596927759,3207,,
cumulative,57,23642,XGBoost,0.8438284295167837,0.0,0.11141036450862885,3207,,
cumulative,58,24211,Dummy,0.3227848101265823,0.0,0.3227848101265823,3634,,
cumulative,58,24211,LightGBM,0.8727628440372189,0.0,0.10342799682809116,3634,0.8576351108876118,0.8873698892841789
cumulative,58,24211,Logistic Regression,0.8032656000174612,0.0,0.12828877284678922,3634,0.7817900348100181,0.8269569297432401
cumulative,58,24211,Random Forest,0.8644683222622286,0.0015846050276636043,0.12219478658270422,3634,,
cumulative,58,24211,XGBoost,0.8699239148339167,0.0,0.10389482229948044,3634,,
cumulative,59,24907,Dummy,0.355359394703657,0.0,0.355359394703657,3965,,
cumulative,59,24907,LightGBM,0.8672518476053401,0.0,0.11602251810827775,3965,0.8529047226135451,0.8803693000091415
cumulative,59,24907,Logistic Regression,0.8090249524295096,0.0,0.14155552524175447,3965,0.7890176181466366,0.8287550412087008
cumulative,59,24907,Random Forest,0.8682026614075854,0.00112797073446911,0.13485853618017526,3965,,
cumulative,59,24907,XGBoost,0.8524436364370608,0.0,0.123832106590271,3965,,
cumulative,60,25856,Dummy,0.33154533844189016,0.0,0.33154533844189016,3915,,
cumulative,60,25856,LightGBM,0.8430094981820587,0.0,0.1192301498405363,3915,0.827160923901152,0.8578124827833832
cumulative,60,25856,Logistic Regression,0.7885480547160997,0.0,0.14259717518400186,3915,0.7682206075467127,0.8060601520582438
cumulative,60,25856,Random Forest,0.8449217558031674,0.002791471554749623,0.13353187525762153,3915,,
cumulative,60,25856,XGBoost,0.8040773156266829,0.0,0.13770219683647156,3915,,
cumulative,61,26849,Dummy,0.3041289023162135,0.0,0.3041289023162135,3972,,
cumulative,61,26849,LightGBM,0.8035817589022964,0.0,0.12202503847033326,3972,0.7840692139020176,0.8216907023001423
cumulative,61,26849,Logistic Regression,0.7297144232045613,0.0,0.14968936331885574,3972,0.7079507259838073,0.751225287637447
cumulative,61,26849,Random Forest,0.7965581131392213,0.004094603551303217,0.13557043439302813,3972,,
cumulative,61,26849,XGBoost,0.7845665373228011,0.0,0.1299644261598587,3972,,
cumulative,62,27845,Dummy,0.3273106323835997,0.0,0.3273106323835997,4317,,
cumulative,62,27845,LightGBM,0.8226994932278714,0.0,0.1255564058643917,4317,0.805021180437951,0.840439442330249
cumulative,62,27845,Logistic Regression,0.7707950530845246,0.0,0.14705764160447324,4317,0.7516393926602144,0.7893726926595865
cumulative,62,27845,Random Forest,0.821064178193634,0.005572591862212162,0.13954886874983588,4317,,
cumulative,62,27845,XGBoost,0.7989260437243434,0.0,0.13978421688079834,4317,,
cumulative,63,28872,Dummy,0.30794316328907523,0.0,0.30794316328907523,4293,,
cumulative,63,28872,LightGBM,0.8376236053884835,0.0,0.10879542433450362,4293,0.8186654750158129,0.855860381318291
cumulative,63,28872,Logistic Regression,0.7687939949507974,0.0,0.13856227683402444,4293,0.7485116374100083,0.7894912598864617
cumulative,63,28872,Random Forest,0.8381834914161251,0.0018323905600869355,0.12060734887791001,4293,,
cumulative,63,28872,XGBoost,0.8123979501983932,0.0,0.12667986750602722,4293,,
cumulative,64,29771,Dummy,0.33469125214408235,0.0,0.33469125214408235,4664,,
cumulative,64,29771,LightGBM,0.8658447831288468,0.0,0.1084236318317386,4664,0.8519260568984091,0.8795557983432762
cumulative,64,29771,Logistic Regression,0.7972267089674263,0.0,0.1385745927883275,4664,0.780464941492797,0.8144945046123903
cumulative,64,29771,Random Forest,0.8505850755543074,0.0020085083541842414,0.13039250523061663,4664,,
cumulative,64,29771,XGBoost,0.8057076200460959,0.0,0.13681595027446747,4664,,
cumulative,65,30821,Dummy,0.3586638830897704,0.0,0.3586638830897704,4790,,
cumulative,65,30821,LightGBM,0.8805287920780286,0.0,0.10955323388733622,4790,0.8667390980614937,0.8928472984083772
cumulative,65,30821,Logistic Regression,0.8104711378143611,0.0,0.14253558841951647,4790,0.7938730579109134,0.8257767132569104
cumulative,65,30821,Random Forest,0.8696179789022519,0.007937809891911908,0.12934275423472738,4790,,
cumulative,65,30821,XGBoost,0.8500736970136044,0.0,0.126774862408638,4790,,
cumulative,66,32162,Dummy,0.35025062656641603,0.0,0.35025062656641603,4788,,
cumulative,66,32162,LightGBM,0.8682659080178751,0.0,0.11216093395743067,4788,0.8547187694199478,0.8810616021877976
cumulative,66,32162,Logistic Regression,0.7996734678828624,0.0,0.1404335388934472,4788,0.7805647640542579,0.8159704733641369
cumulative,66,32162,Random Forest,0.8628779288726837,0.002885657717591291,0.13182695431424077,4788,,
cumulative,66,32162,XGBoost,0.8476483957247364,0.0,0.12353601306676865,4788,,
cumulative,67,33165,Dummy,0.38318651857525854,0.0,0.38318651857525854,5222,,
cumulative,67,33165,LightGBM,0.8929142406615665,0.0,0.11251841594158855,5222,0.8819774843809367,0.9040127972434053
cumulative,67,33165,Logistic Regression,0.832988987520174,0.0,0.13936590503548743,5222,0.818881982362879,0.8469390759234984
cumulative,67,33165,Random Forest,0.8809574072371267,0.005141563116494107,0.13443449662531426,5222,,
cumulative,67,33165,XGBoost,0.8743234855865473,0.0,0.12749230861663818,5222,,
cumulative,68,34435,Dummy,0.38417634323951977,0.0,0.38417634323951977,5081,,
cumulative,68,34435,LightGBM,0.8941186110447971,0.0,0.11080393694710906,5081,0.8834331500984408,0.9042103818915911
cumulative,68,34435,Logistic Regression,0.8432860947354172,0.0,0.13433124490310644,5081,0.8293599254048986,0.856266591429818
cumulative,68,34435,Random Forest,0.9012274096638685,0.0009358043707976921,0.11792569709967297,5081,,
cumulative,68,34435,XGBoost,0.8795499593769708,0.0,0.12076234817504883,5081,,
cumulative,69,35611,Dummy,0.3811919504643963,0.0,0.3811919504643963,5168,,
cumulative,69,35611,LightGBM,0.9032552562225143,0.0,0.10273673603035093,5168,0.8924204620132665,0.9127338322018791
cumulative,69,35611,Logistic Regression,0.8515712213178471,0.0,0.12700497440498046,5168,0.838203504107266,0.8650062440061909
cumulative,69,35611,Random Forest,0.8988708384881671,0.0030807888550577166,0.12282282342085821,5168,,
cumulative,69,35611,XGBoost,0.888850362102574,0.0,0.10924822837114334,5168,,
cumulative,70,36950,Dummy,0.3754970649498201,0.0,0.3754970649498201,5281,,
cumulative,70,36950,LightGBM,0.8876993151763836,0.0,0.10945993473231745,5281,0.8765411909639492,0.8987982424228654
cumulative,70,36950,Logistic Regression,0.8381767126092058,0.0,0.13362781041053637,5281,0.8235447807941755,0.8525478663881133
cumulative,70,36950,Random Forest,0.8918733304683014,0.002619813086429322,0.114002425879416,5281,,
cumulative,70,36950,XGBoost,0.8862624947539558,0.0,0.11032766103744507,5281,,
cumulative,71,38387,Dummy,0.35053017944535075,0.0,0.35053017944535075,4904,,
cumulative,71,38387,LightGBM,0.8909916119952913,0.0,0.09930386665929551,4904,0.8798005603088785,0.9023294997122071
cumulative,71,38387,Logistic Regression,0.8090764068767591,0.0,0.13813239214032955,4904,0.7924616711211969,0.8263974547017215
cumulative,71,38387,Random Forest,0.885720546525976,0.003245218306927963,0.10741363978702397,4904,,
cumulative,71,38387,XGBoost,0.8549327392566671,0.0,0.11484638601541519,4904,,
cumulative,72,39516,Dummy,0.36213668499607227,0.0,0.36213668499607227,5092,,
cumulative,72,39516,LightGBM,0.8944576828477513,0.0,0.1013932545843953,5092,0.8832335494205529,0.9053086751295478
cumulative,72,39516,Logistic Regression,0.8113716200836691,0.0,0.13905830900549923,5092,0.7948436159903715,0.8264912715032775
cumulative,72,39516,Random Forest,0.8923257587889412,0.0016023562762607062,0.10859932002991929,5092,,
cumulative,72,39516,XGBoost,0.8885775202686109,0.0,0.10449888557195663,5092,,
cumulative,73,40779,Dummy,0.36466613672496023,0.0,0.36466613672496023,5032,,
cumulative,73,40779,LightGBM,0.886051575839541,0.0,0.11020803115902682,5032,0.8734884487338856,0.8973415872597632
cumulative,73,40779,Logistic Regression,0.8177892797258446,0.0,0.134209137766171,5032,0.8002935057633469,0.8339312199870521
cumulative,73,40779,Random Forest,0.8731163534959677,0.00132325478170147,0.12701523047260135,5032,,
cumulative,73,40779,XGBoost,0.8873256263161982,0.0,0.10569504648447037,5032,,
cumulative,74,42231,Dummy,0.40570522979397783,0.0,0.40570522979397783,5048,,
cumulative,74,42231,LightGBM,0.9229560205249734,0.0,0.09921278428952673,5048,0.9139538933461042,0.9305152340398872
cumulative,74,42231,Logistic Regression,0.8664419474239066,0.0,0.12287748360371063,5048,0.8529335553356263,0.8789366428870825
cumulative,74,42231,Random Forest,0.9187889219183508,0.0033801536588869635,0.12127354018514247,5048,,
cumulative,74,42231,XGBoost,0.9268174025519325,0.0,0.09552036970853806,5048,,
cumulative,75,43291,Dummy,0.397463839904894,0.0,0.397463839904894,5047,,
cumulative,75,43291,LightGBM,0.9264683950554974,0.0,0.09616312621474077,5047,0.917560782864227,0.9341833817456249
cumulative,75,43291,Logistic Regression,0.8832466818982821,0.0,0.11520819079760715,5047,0.8712299398126374,0.8955649508914136
cumulative,75,43291,Random Forest,0.9296804594116445,0.0031601288223024665,0.1088039596424621,5047,,
cumulative,75,43291,XGBoost,0.9258035902416172,0.0,0.09598056972026825,5047,,
cumulative,76,44608,Dummy,0.39682866556836904,0.0,0.39682866556836904,4856,,
cumulative,76,44608,LightGBM,0.9206401566531767,0.0,0.09535225002460723,4856,0.9112359080777646,0.9294970125997547
cumulative,76,44608,Logistic Regression,0.8686953248176771,0.0,0.12368782785340073,4856,0.8555152428710362,0.8806031938894345
cumulative,76,44608,Random Forest,0.9176703075326454,0.0054803130869203465,0.11384721317963738,4856,,
cumulative,76,44608,XGBoost,0.9044012312729519,0.0,0.10285435616970062,4856,,
cumulative,77,45811,Dummy,0.3901864152560532,0.0,0.3901864152560532,4667,,
cumulative,77,45811,LightGBM,0.9179781844182707,0.0,0.09366802866780809,4667,0.9080837602368091,0.9278608439980482
cumulative,77,45811,Logistic Regression,0.8437274561004916,0.0,0.13636665964598038,4667,0.8293528649072108,0.8574468993750689
cumulative,77,45811,Random Forest,0.9005823863755383,0.00888090043246752,0.11888344667831548,4667,,
cumulative,77,45811,XGBoost,0.8967826376695021,0.0,0.10567739605903625,4667,,
cumulative,78,47279,Dummy,0.33666666666666667,0.0,0.33666666666666667,4200,,
cumulative,78,47279,LightGBM,0.8413628457142242,0.0,0.11049769046898389,4200,0.8234944441952168,0.8571708275112352
cumulative,78,47279,Logistic Regression,0.7481531155016391,0.0,0.15571178780647593,4200,0.7254597894344696,0.7679361643659864
cumulative,78,47279,Random Forest,0.7987106710855878,0.002682050465237037,0.14088163409731927,4200,,
cumulative,78,47279,XGBoost,0.8028019296906894,0.0,0.12589114904403687,4200,,
cumulative,79,48338,Dummy,0.34024016953143393,0.0,0.34024016953143393,4247,,
cumulative,79,48338,LightGBM,0.8166358256850493,0.0,0.12278458866465965,4247,0.7996450024069532,0.8344942832873422
cumulative,79,48338,Logistic Regression,0.7271335699892271,0.0,0.1616757810944113,4247,0.7049694516031874,0.7489955274700264
cumulative,79,48338,Random Forest,0.7626519759799336,0.007488703807807306,0.15243056933947627,4247,,
cumulative,79,48338,XGBoost,0.8212962532688147,0.0,0.12538325786590576,4247,,
cumulative,80,49464,Dummy,0.3218501565887738,0.0,0.3218501565887738,4151,,
cumulative,80,49464,LightGBM,0.8017270307097744,0.0,0.12177694003846169,4151,0.7819845536680128,0.8214599852148193
cumulative,80,49464,Logistic Regression,0.7187368364121905,0.0,0.15544527530304308,4151,0.6934931151580328,0.7411567891989821
cumulative,80,49464,Random Forest,0.7973321164129454,0.024665605852477308,0.13265757880151302,4151,,
cumulative,80,49464,XGBoost,0.8107097707126613,0.0,0.12259554117918015,4151,,
cumulative,81,50478,Dummy,0.32082152974504247,0.0,0.32082152974504247,4236,,
cumulative,81,50478,LightGBM,0.8145005636478361,0.0,0.11587215174466116,4236,0.7945715520421861,0.8334196753568126
cumulative,81,50478,Logistic Regression,0.7258379273044232,0.0,0.15196567198372188,4236,0.7025323522163226,0.7479409842223014
cumulative,81,50478,Random Forest,0.7779805314072971,0.02108758712968065,0.13961053545261118,4236,,
cumulative,81,50478,XGBoost,0.7791840008188863,0.0,0.1316181868314743,4236,,
cumulative,82,51479,Dummy,0.3366515837104072,0.0,0.3366515837104072,4420,,
cumulative,82,51479,LightGBM,0.829557751827155,0.0,0.12015762675204779,4420,0.8134611084762432,0.8459632846178607
cumulative,82,51479,Logistic Regression,0.7467795073192695,0.0,0.1524968679894118,4420,0.726939105045815,0.7676585911923822
cumulative,82,51479,Random Forest,0.808102480080891,0.005760533373236835,0.13657589717426025,4420,,
cumulative,82,51479,XGBoost,0.8096475365321102,0.0,0.12689056992530823,4420,,
cumulative,83,52585,Dummy,0.35062927798631044,0.0,0.35062927798631044,4529,,
cumulative,83,52585,LightGBM,0.8215288360406673,0.0,0.12880545675629845,4529,0.8035870783397163,0.8381531269357471
cumulative,83,52585,Logistic Regression,0.7524770880084897,0.0,0.15505989391839436,4529,0.7335896799920635,0.7714499584569329
cumulative,83,52585,Random Forest,0.7963599621416884,0.0072364910121727995,0.14828774696711824,4529,,
cumulative,83,52585,XGBoost,0.8118809932197598,0.0,0.13921377062797546,4529,,
cumulative,84,53615,Dummy,0.3648059310946358,0.0,0.3648059310946358,4586,,
cumulative,84,53615,LightGBM,0.8220754170108092,0.0,0.13035587353900455,4586,0.804533977026916,0.8378312165926456
cumulative,84,53615,Logistic Regression,0.7561955817285324,0.0,0.1585844062252043,4586,0.7373801580443048,0.7742465072598261
cumulative,84,53615,Random Forest,0.7818275192669187,0.014333982981859533,0.16627878692429968,4586,,
cumulative,84,53615,XGBoost,0.8132386609719943,0.0,0.13516966998577118,4586,,
cumulative,85,54714,Dummy,0.3657797966688297,0.0,0.3657797966688297,4623,,
cumulative,85,54714,LightGBM,0.8341186124323056,0.0,0.12977528584240353,4623,0.8177386065460127,0.8493911561128424
cumulative,85,54714,Logistic Regression,0.7602082854065201,0.0,0.15768782215673738,4623,0.7401054388361318,0.7794680727156255
cumulative,85,54714,Random Forest,0.7983997079930033,0.00458115372696974,0.15745322691694874,4623,,
cumulative,85,54714,XGBoost,0.8207153792682446,0.0,0.1360340416431427,4623,,
cumulative,86,55899,Dummy,0.375303197353914,0.0,0.375303197353914,4535,,
cumulative,86,55899,LightGBM,0.859135413982059,0.0,0.12438974982634354,4535,0.845308382820312,0.8721184675981476
cumulative,86,55899,Logistic Regression,0.7966419417607836,0.0,0.1493425072154442,4535,0.7781568556482564,0.8142085509342469
cumulative,86,55899,Random Forest,0.8390939189813222,0.010864043593742007,0.14323092351785652,4535,,
cumulative,86,55899,XGBoost,0.849283114290429,0.0,0.1308436244726181,4535,,
cumulative,87,57114,Dummy,0.3657266811279826,0.0,0.3657266811279826,4610,,
cumulative,87,57114,LightGBM,0.8639825456518059,0.0,0.1190737531086436,4610,0.8509943853148779,0.8766184170290022
cumulative,87,57114,Logistic Regression,0.8129232628269246,0.0,0.1400846843591448,4610,0.7949373198609619,0.8296867705505523
cumulative,87,57114,Random Forest,0.8474274005920138,0.00018551848111545647,0.1350079253945239,4610,,
cumulative,87,57114,XGBoost,0.8584812321553171,0.0,0.1212019994854927,4610,,
cumulative,88,58201,Dummy,0.3629166666666667,0.0,0.3629166666666667,4800,,
cumulative,88,58201,LightGBM,0.885044782663194,0.0,0.10983806725014134,4800,0.8728346530857978,0.896168641277758
cumulative,88,58201,Logistic Regression,0.8297996159108911,0.0,0.13196896230463,4800,0.8132767949580829,0.8452912009600189
cumulative,88,58201,Random Forest,0.8684599363573898,0.0019013777584730004,0.13123291115637412,4800,,
cumulative,88,58201,XGBoost,0.872525701153704,0.0,0.11474157869815826,4800,,
cumulative,89,59337,Dummy,0.3828730379495331,0.0,0.3828730379495331,5033,,
cumulative,89,59337,LightGBM,0.896097533079233,0.0,0.11083669609299217,5033,0.8862536122680174,0.9065197965375147
cumulative,89,59337,Logistic Regression,0.838631654462196,0.0,0.133825587608841,5033,0.8236340110852595,0.8529460754866677
cumulative,89,59337,Random Forest,0.8824836612486088,0.003958254576955042,0.13641922961719508,5033,,
cumulative,89,59337,XGBoost,0.884735387241312,0.0,0.11577260494232178,5033,,
cumulative,90,60434,Dummy,0.37351929690485286,0.0,0.37351929690485286,5234,,
cumulative,90,60434,LightGBM,0.895084701699909,0.0,0.11135801182021611,5234,0.8842139666039485,0.9044332852145041
cumulative,90,60434,Logistic Regression,0.8421509580308714,0.0,0.1289362269480735,5234,0.8276706768924866,0.8559981271643506
cumulative,90,60434,Random Forest,0.8861778133533321,0.002226190807633677,0.12747933244264764,5234,,
cumulative,90,60434,XGBoost,0.8867477737190295,0.0,0.11183157563209534,5234,,
cumulative,91,61724,Dummy,0.39357429718875503,0.0,0.39357429718875503,5478,,
cumulative,91,61724,LightGBM,0.8992177743529317,0.0,0.11871977966889395,5478,0.8891433003035317,0.9089237038341828
cumulative,91,61724,Logistic Regression,0.8429741704518506,0.0,0.13703078544282346,5478,0.8280984275844381,0.8569751486506519
cumulative,91,61724,Random Forest,0.8920359789372582,0.004429785554172741,0.13609325229776284,5478,,
cumulative,91,61724,XGBoost,0.8856694661099618,0.0,0.12632709741592407,5478,,
cumulative,92,63001,Dummy,0.4200320227717487,0.0,0.4200320227717487,5621,,
cumulative,92,63001,LightGBM,0.9110799767451244,0.0,0.12046730205424479,5621,0.902963997215511,0.9190284663331568
cumulative,92,63001,Logistic Regression,0.8599594713055985,0.0,0.1401190562551587,5621,0.846348759467853,0.872456008978717
cumulative,92,63001,Random Forest,0.9026492570577872,0.0018188128007256442,0.14294950984155466,5621,,
cumulative,92,63001,XGBoost,0.9038782828224937,0.0,0.1269650161266327,5621,,
cumulative,93,64370,Dummy,0.40279250618593143,0.0,0.40279250618593143,5658,,
cumulative,93,64370,LightGBM,0.8952400329232554,0.0,0.12306421330609822,5658,0.8856843107965555,0.9042338631678998
cumulative,93,64370,Logistic Regression,0.8541545634584513,0.0,0.13903411159884643,5658,0.8400256555515602,0.8666380880619403
cumulative,93,64370,Random Forest,0.8905911973501479,0.004042655472534978,0.1454316134089147,5658,,
cumulative,93,64370,XGBoost,0.8972067745203561,0.0,0.1119537428021431,5658,,
cumulative,94,65668,Dummy,0.4223419041000695,0.0,0.4223419041000695,5756,,
cumulative,94,65668,LightGBM,0.9017809617308107,0.0,0.13094345577141528,5756,0.8932439144408001,0.9107371270881812
cumulative,94,65668,Logistic Regression,0.8603798786748696,0.0,0.1428125842378209,5756,0.8474610121775156,0.8727594954118841
cumulative,94,65668,Random Forest,0.9040127016579665,0.00287562949046551,0.14082232949897144,5756,,
cumulative,94,65668,XGBoost,0.8966183181380857,0.0,0.13708068430423737,5756,,
cumulative,95,67202,Dummy,0.4204651162790698,0.0,0.4204651162790698,5375,,
cumulative,95,67202,LightGBM,0.8918301753830861,0.0,0.1250195695885787,5375,0.8825658600706,0.9013410473138493
cumulative,95,67202,Logistic Regression,0.8687383182183046,0.0,0.13270872604731615,5375,0.854924895939615,0.8807505297943236
cumulative,95,67202,Random Forest,0.8932968466399808,0.0014971941476679118,0.13699111856545076,5375,,
cumulative,95,67202,XGBoost,0.8930853222440068,0.0,0.12784746289253235,5375,,
cumulative,96,68622,Dummy,0.3787328490718321,0.0,0.3787328490718321,4956,,
cumulative,96,68622,LightGBM,0.8656158652328294,0.0,0.12544976439304842,4956,0.8528523750151134,0.8768766154631725
cumulative,96,68622,Logistic Regression,0.834570523458883,0.0,0.13469988307522732,4956,0.8189701229711537,0.8501740227598825
cumulative,96,68622,Random Forest,0.8625148862023831,0.00211539011071738,0.13751292350685942,4956,,
cumulative,96,68622,XGBoost,0.8636128263832442,0.0,0.12654708325862885,4956,,
cumulative,97,70028,Dummy,0.3668918918918919,0.0,0.3668918918918919,4440,,
cumulative,97,70028,LightGBM,0.8580963762667082,0.0,0.12258968136051344,4440,0.8445260584405605,0.871719009331831
cumulative,97,70028,Logistic Regression,0.8116789709884223,0.0,0.14205688923982718,4440,0.7936007311898611,0.8293060359374643
cumulative,97,70028,Random Forest,0.856215209998933,0.0011174042116101214,0.13408611118699984,4440,,
cumulative,97,70028,XGBoost,0.8531595060814442,0.0,0.12665599584579468,4440,,
cumulative,98,71424,Dummy,0.3388595830193419,0.0,0.3388595830193419,3981,,
cumulative,98,71424,LightGBM,0.8221560891237769,0.0,0.12800409384478617,3981,0.8062922418469369,0.8382186208090091
cumulative,98,71424,Logistic Regression,0.776405897980203,0.0,0.14831101990152948,3981,0.7551571823309732,0.796659691550907
cumulative,98,71424,Random Forest,0.8211844704684416,0.0024656568255478897,0.1356394455657312,3981,,
cumulative,98,71424,XGBoost,0.822903010811809,0.0,0.13225200772285461,3981,,
cumulative,99,72577,Dummy,0.3234031132581857,0.0,0.3234031132581857,3726,,
cumulative,99,72577,LightGBM,0.7793301656041033,0.0,0.1370621084110021,3726,0.7585358520254112,0.7992152867786381
cumulative,99,72577,Logistic Regression,0.6848110645465152,0.0,0.16788199055499445,3726,0.6564306261124142,0.7099176882461523
cumulative,99,72577,Random Forest,0.7594329335621407,0.0038817995943848816,0.15122962307037338,3726,,
cumulative,99,72577,XGBoost,0.7715113465819488,0.0,0.1388125866651535,3726,,
cumulative,100,73578,Dummy,0.3353275501046964,0.0,0.3353275501046964,3343,,
cumulative,100,73578,LightGBM,0.7809872909064944,0.0,0.14571902183270238,3343,0.7606519703183621,0.8024952881775232
cumulative,100,73578,Logistic Regression,0.6947275778448398,0.0,0.16980181421160423,3343,0.6653865550248751,0.7208984194112722
cumulative,100,73578,Random Forest,0.7731783871835717,0.0007363056520635324,0.1521688494382204,3343,,
cumulative,100,73578,XGBoost,0.7631615827384949,0.0,0.14613941311836243,3343,,
cumulative,101,74468,Dummy,0.3480050664977834,0.0,0.3480050664977834,3158,,
cumulative,101,74468,LightGBM,0.7957030791140077,0.0,0.1477148405817408,3158,0.7743918924570221,0.8155779177254098
cumulative,101,74468,Logistic Regression,0.7149197394882504,0.0,0.16458116872086684,3158,0.6888511593158899,0.738266759947305
cumulative,101,74468,Random Forest,0.7779046421824521,0.0027146160220297413,0.15864450768482805,3158,,
cumulative,101,74468,XGBoost,0.795454267201518,0.0,0.14085619151592255,3158,,
cumulative,102,75405,Dummy,0.34869617950272885,0.0,0.34869617950272885,3298,,
cumulative,102,75405,LightGBM,0.769389434395957,0.0,0.15212573903179896,3298,0.7462278750877267,0.7927060320981743
cumulative,102,75405,Logistic Regression,0.6975773418800436,0.0,0.17002912378248528,3298,0.6681277942901761,0.7260115311763888
cumulative,102,75405,Random Forest,0.7536701316255282,0.0023930296630663233,0.16515022131548526,3298,,
cumulative,102,75405,XGBoost,0.7901800454639621,0.0,0.14054344594478607,3298,,
cumulative,103,76303,Dummy,0.3472049689440994,0.0,0.3472049689440994,3220,,
cumulative,103,76303,LightGBM,0.7614890848056707,0.0,0.15149247447253833,3220,0.7385297146249857,0.7837279178984821
cumulative,103,76303,Logistic Regression,0.7024724640434227,0.0,0.16789947357151766,3220,0.6739861691339593,0.7295935941575082
cumulative,103,76303,Random Forest,0.7444672474179018,0.005141088559831096,0.16727208698238513,3220,,
cumulative,103,76303,XGBoost,0.7649990344084543,0.0,0.1506403535604477,3220,,
cumulative,104,76921,Dummy,0.36517674554484375,0.0,0.36517674554484375,3423,,
cumulative,104,76921,LightGBM,0.7901363201718085,0.0,0.153791817960489,3423,0.7678931957948066,0.8103694900665548
cumulative,104,76921,Logistic Regression,0.7101872722637851,0.0,0.17095733998404616,3423,0.6859837522304846,0.7367288490468056
cumulative,104,76921,Random Forest,0.7524136188177679,0.0043525146760475895,0.17431901238679118,3423,,
cumulative,104,76921,XGBoost,0.7654164265592124,0.0,0.16572929918766022,3423,,
cumulative,105,77626,Dummy,0.35507246376811596,0.0,0.35507246376811596,3588,,
cumulative,105,77626,LightGBM,0.801464712686328,0.0,0.1439529052544976,3588,0.7805120050155723,0.8214193704327288
cumulative,105,77626,Logistic Regression,0.7349420347034378,0.0,0.1595807871976291,3588,0.7108869413312551,0.7602818096011004
cumulative,105,77626,Random Forest,0.7577850319005363,0.01841598762353209,0.16523594799628769,3588,,
cumulative,105,77626,XGBoost,0.8073634583398869,0.0,0.14380402863025665,3588,,
cumulative,106,78703,Dummy,0.3497810218978102,0.0,0.3497810218978102,3425,,
cumulative,106,78703,LightGBM,0.8146135500046503,0.0,0.1385289927058771,3425,0.7948493405229377,0.8342874741803366
cumulative,106,78703,Logistic Regression,0.7457403170246634,0.0,0.15545799357488582,3425,0.7215138184362213,0.7698403596126989
cumulative,106,78703,Random Forest,0.7902717340349185,0.00472973437992398,0.15386980020507465,3425,,
cumulative,106,78703,XGBoost,0.816054176892863,0.0,0.1392308920621872,3425,,
cumulative,107,79523,Dummy,0.34531113058720414,0.0,0.34531113058720414,3423,,
cumulative,107,79523,LightGBM,0.8559095517496583,0.0,0.11775657668594508,3423,0.8401774068723055,0.8718302240140549
cumulative,107,79523,Logistic Regression,0.7671523024375039,0.0,0.1456687025173891,3423,0.744005676011728,0.7912452412705386
cumulative,107,79523,Random Forest,0.8277602864568966,0.0062149093701293545,0.13948587295489412,3423,,
cumulative,107,79523,XGBoost,0.8535115062372715,0.0,0.11617206782102585,3423,,
cumulative,108,80344,Dummy,0.3224956063268893,0.0,0.3224956063268893,3414,,
cumulative,108,80344,LightGBM,0.8461750787948272,0.0,0.1139932058230395,3414,0.8289799956837058,0.8626059635861962
cumulative,108,80344,Logistic Regression,0.7688665225507526,0.0,0.14079942541952967,3414,0.7460523336116245,0.7938498025568945
cumulative,108,80344,Random Forest,0.8394683422205507,0.005215870803234136,0.12392063340318578,3414,,
cumulative,108,80344,XGBoost,0.846078593466444,0.0,0.11417105048894882,3414,,
cumulative,109,81214,Dummy,0.33369330453563717,0.0,0.33369330453563717,3704,,
cumulative,109,81214,LightGBM,0.8408728261912127,0.0,0.11933372960410389,3704,0.826132290382938,0.8569049248998987
cumulative,109,81214,Logistic Regression,0.757230506273021,0.0,0.1475184451510921,3704,0.7342006793346172,0.782540804430933
cumulative,109,81214,Random Forest,0.8315285515162417,0.0015461138187530482,0.1317684461959336,3704,,
cumulative,109,81214,XGBoost,0.8471278214847314,0.0,0.11590807139873505,3704,,
cumulative,110,82128,Dummy,0.3231996012957887,0.0,0.3231996012957887,4013,,
cumulative,110,82128,LightGBM,0.795772225309269,0.0,0.1279112791305322,4013,0.776016974587006,0.8152119870926038
cumulative,110,82128,Logistic Regression,0.6972441440555143,0.0,0.1588013459752768,4013,0.6718856219325846,0.7201120122959599
cumulative,110,82128,Random Forest,0.7829688774879268,0.003322438861050844,0.14126544166346122,4013,,
cumulative,110,82128,XGBoost,0.788849729506964,0.0,0.12893791496753693,4013,,
cumulative,111,82946,Dummy,0.327386468952734,0.0,0.327386468952734,4316,,
cumulative,111,82946,LightGBM,0.8036146530791721,0.0,0.1276458077999224,4316,0.7833453418740114,0.8212792362618044
cumulative,111,82946,Logistic Regression,0.7291785178393188,0.0,0.1518107426700206,4316,0.7046823891956535,0.7504503752533073
cumulative,111,82946,Random Forest,0.7900620566267,0.00503816072618585,0.14079278645522295,4316,,
cumulative,111,82946,XGBoost,0.8010171248058713,0.0,0.12694323062896729,4316,,
cumulative,112,83758,Dummy,0.33052313013402507,0.0,0.33052313013402507,4626,,
cumulative,112,83758,LightGBM,0.7968488559588902,0.0,0.1299981565844443,4626,0.7784067847091372,0.8144008303242721
cumulative,112,83758,Logistic Regression,0.7278640670745921,0.0,0.15079291014610674,4626,0.7046804245302323,0.75096394008931
cumulative,112,83758,Random Forest,0.7873043416960958,0.00233345631713703,0.14149319928718312,4626,,
cumulative,112,83758,XGBoost,0.7930899804728249,0.0,0.1307336837053299,4626,,
cumulative,113,84918,Dummy,0.33944360577959887,0.0,0.33944360577959887,4637,,
cumulative,113,84918,LightGBM,0.8161789441859528,0.0,0.12565611434411766,4637,0.7989884418770371,0.8329492649308478
cumulative,113,84918,Logistic Regression,0.7394171425737394,0.0,0.14764003192094902,4637,0.7149090780485787,0.7616655254226081
cumulative,113,84918,Random Forest,0.8069339086566988,0.0010944478860093272,0.13922847042494021,4637,,
cumulative,113,84918,XGBoost,0.8110312278186208,0.0,0.12729467451572418,4637,,
cumulative,114,86141,Dummy,0.3375309197211604,0.0,0.3375309197211604,4447,,
cumulative,114,86141,LightGBM,0.8394084518990338,0.0,0.1175038061302746,4447,0.822483410119588,0.8550360097565293
cumulative,114,86141,Logistic Regression,0.7665139118999077,0.0,0.13889884808016237,4447,0.746447729429201,0.7889433531319008
cumulative,114,86141,Random Forest,0.8319969950392894,0.001302597400293366,0.13077808196698396,4447,,
cumulative,114,86141,XGBoost,0.84024826203387,0.0,0.11699949204921722,4447,,
cumulative,115,87262,Dummy,0.33037945921381506,0.0,0.33037945921381506,4401,,
cumulative,115,87262,LightGBM,0.8174109977414822,0.0,0.1229516088439599,4401,0.7987327470117275,0.8344758373881073
cumulative,115,87262,Logistic Regression,0.7460330931416935,0.0,0.1448126274971192,4401,0.7237440306144249,0.7689079360423308
cumulative,115,87262,Random Forest,0.8112928117035088,0.002186669519624682,0.1348473706453878,4401,,
cumulative,115,87262,XGBoost,0.8112937990632038,0.0,0.1258217841386795,4401,,
cumulative,116,88384,Dummy,0.36123348017621143,0.0,0.36123348017621143,4540,,
cumulative,116,88384,LightGBM,0.8425149823661838,0.0,0.12389473977664972,4540,0.827134609682585,0.8561814555844471
cumulative,116,88384,Logistic Regression,0.7765120440850194,0.0,0.14536459059753962,4540,0.7558837002685282,0.7961347516224446
cumulative,116,88384,Random Forest,0.8319483824456052,0.0018518622269091995,0.13789638016072547,4540,,
cumulative,116,88384,XGBoost,0.8415717397005992,0.0,0.12477581202983856,4540,,
cumulative,117,89555,Dummy,0.38220551378446116,0.0,0.38220551378446116,4788,,
cumulative,117,89555,LightGBM,0.8454618086659765,0.0,0.12910135211701873,4788,0.8306026676240683,0.8595735772115877
cumulative,117,89555,Logistic Regression,0.793081862177909,0.0,0.14918398265119376,4788,0.7740709326258104,0.809912927068915
cumulative,117,89555,Random Forest,0.8299728356720363,0.0009153876637513789,0.14693083445932445,4788,,
cumulative,117,89555,XGBoost,0.8395222934831125,0.0,0.13224056363105774,4788,,
cumulative,118,90588,Dummy,0.40509630818619585,0.0,0.40509630818619585,4984,,
cumulative,118,90588,LightGBM,0.8632402942633132,0.0,0.1283835894010121,4984,0.8516242943824788,0.8746663650351696
cumulative,118,90588,Logistic Regression,0.8288482426827594,0.0,0.14390446042023797,4984,0.8125747409787123,0.8424700997391976
cumulative,118,90588,Random Forest,0.8540872821540098,0.0008322234302031179,0.1456833970597732,4984,,
cumulative,118,90588,XGBoost,0.8642457092391442,0.0,0.1280403733253479,4984,,
cumulative,119,91663,Dummy,0.4394418604651163,0.0,0.4394418604651163,5375,,
cumulative,119,91663,LightGBM,0.8890422008187499,0.0,0.12720381116345103,5375,0.8788980374697818,0.8986715630994855
cumulative,119,91663,Logistic Regression,0.8633433747212026,0.0,0.1381089269948897,5375,0.8517126440158126,0.8758555907338282
cumulative,119,91663,Random Forest,0.8811272119984174,0.0001266671213224903,0.14429952969089951,5375,,
cumulative,119,91663,XGBoost,0.8899155454014093,0.0,0.1273232400417328,5375,,
cumulative,120,92924,Dummy,0.4497590576476888,0.0,0.4497590576476888,5603,,
cumulative,120,92924,LightGBM,0.8938531641821407,0.0,0.12723753506625513,5603,0.8846893710511468,0.9028727920691869
cumulative,120,92924,Logistic Regression,0.8713526458402545,0.0,0.1391711910195451,5603,0.8599761643228692,0.882989360185335
cumulative,120,92924,Random Forest,0.887387289143302,0.0027752812398189786,0.14541008566086822,5603,,
cumulative,120,92924,XGBoost,0.8938023229329031,0.0,0.12622897326946259,5603,,
cumulative,121,94343,Dummy,0.4370533260032985,0.0,0.4370533260032985,5457,,
cumulative,121,94343,LightGBM,0.8937210026575971,0.0,0.12358873133271031,5457,0.8837090608989576,0.9033173741352699
cumulative,121,94343,Logistic Regression,0.8691040822060746,0.0,0.13569087508823774,5457,0.85645448580686,0.8805201448658299
cumulative,121,94343,Random Forest,0.8884162501174319,0.0013541433051862525,0.14262621930026384,5457,,
cumulative,121,94343,XGBoost,0.8911071971863702,0.0,0.12471973150968552,5457,,
cumulative,122,95572,Dummy,0.4537391304347826,0.0,0.4537391304347826,5750,,
cumulative,122,95572,LightGBM,0.906299485779373,0.0,0.11897061030214666,5750,0.8977192659300179,0.9145539807508484
cumulative,122,95572,Logistic Regression,0.8860048961074627,0.0,0.13176590485429884,5750,0.8754826150641303,0.8968139933518655
cumulative,122,95572,Random Forest,0.897527490349933,0.0002718892767892272,0.13861998316493626,5750,,
cumulative,122,95572,XGBoost,0.9077500860778592,0.0,0.11895090341567993,5750,,
cumulative,123,97038,Dummy,0.4347520225114316,0.0,0.4347520225114316,5686,,
cumulative,123,97038,LightGBM,0.884724211008816,0.0,0.1282512107996989,5686,0.8743459897668101,0.8942892024888456
cumulative,123,97038,Logistic Regression,0.8546232379991202,0.0,0.14286696700660673,5686,0.8411452689528199,0.8674351895597172
cumulative,123,97038,Random Forest,0.8742517465402747,0.001677538832932839,0.14581644150455586,5686,,
cumulative,123,97038,XGBoost,0.8781564861036428,0.0,0.1316189169883728,5686,,
cumulative,124,98527,Dummy,0.4289987682562027,0.0,0.4289987682562027,5683,,
cumulative,124,98527,LightGBM,0.8844411162070583,0.0,0.12686632705422018,5683,0.8743815393404272,0.8939110106575159
cumulative,124,98527,Logistic Regression,0.8624113321930601,0.0,0.13982460303692876,5683,0.8508104569106225,0.8740892598623238
cumulative,124,98527,Random Forest,0.8774665244491429,0.0009270125478188821,0.14143120191888203,5683,,
cumulative,124,98527,XGBoost,0.8864698349783634,0.0,0.12545353174209595,5683,,
cumulative,125,99800,Dummy,0.4410220511025551,0.0,0.4410220511025551,5714,,
cumulative,125,99800,LightGBM,0.8935468222692121,0.0,0.12628668606207366,5714,0.8842353443769868,0.9021745574028788
cumulative,125,99800,Logistic Regression,0.8725277034898333,0.0,0.13868160949209882,5714,0.860180995582957,0.8830768557293828
cumulative,125,99800,Random Forest,0.8844399097834442,0.0005544592973825648,0.13931761657378872,5714,,
cumulative,125,99800,XGBoost,0.8953793453967601,0.0,0.12533122301101685,5714,,
cumulative,126,101322,Dummy,0.42536905412793874,0.0,0.42536905412793874,5487,,
cumulative,126,101322,LightGBM,0.8708458508649667,0.0,0.1336120749140847,5487,0.8602156413216681,0.8823585718237947
cumulative,126,101322,Logistic Regression,0.841304517478048,0.0,0.1496103197237056,5487,0.8278458067501556,0.8544195104084499
cumulative,126,101322,Random Forest,0.8588730606905779,0.001330937143644244,0.1468282806229308,5487,,
cumulative,126,101322,XGBoost,0.8702724482004643,0.0,0.13504910469055176,5487,,
cumulative,127,102724,Dummy,0.4359848484848485,0.0,0.4359848484848485,5280,,
cumulative,127,102724,LightGBM,0.8816338958647799,0.0,0.13177332922562773,5280,0.8709780199085625,0.8910911553801687
cumulative,127,102724,Logistic Regression,0.8536086419590801,0.0,0.14573099009335388,5280,0.8402276310241359,0.867035914957797
cumulative,127,102724,Random Forest,0.8734487929076064,0.0020847291096778246,0.14326758945767862,5280,,
cumulative,127,102724,XGBoost,0.8803704090091332,0.0,0.13239750266075134,5280,,
cumulative,128,104210,Dummy,0.4270386266094421,0.0,0.4270386266094421,5126,,
cumulative,128,104210,LightGBM,0.8646739319385334,0.0,0.1358617492781169,5126,0.8520164963651469,0.8759756943627802
cumulative,128,104210,Logistic Regression,0.8239491998841104,0.0,0.154323485815684,5126,0.8075364399957089,0.8411482464428082
cumulative,128,104210,Random Forest,0.8536847899587562,0.003974561842668898,0.14995713448483208,5126,,
cumulative,128,104210,XGBoost,0.8616893962447915,0.0,0.13829505443572998,5126,,
cumulative,129,105514,Dummy,0.40891821635672865,0.0,0.40891821635672865,5001,,
cumulative,129,105514,LightGBM,0.8300433601520126,0.0,0.14314127471063473,5001,0.8160631349294457,0.8445522450603759
cumulative,129,105514,Logistic Regression,0.789371854793624,0.0,0.16038450891469727,5001,0.7700690265590783,0.8086726914147797
cumulative,129,105514,Random Forest,0.8215822646097078,0.0011294477351939058,0.15676341702552402,5001,,
cumulative,129,105514,XGBoost,0.8341439267554148,0.0,0.14215831458568573,5001,,
cumulative,130,106809,Dummy,0.3905138339920949,0.0,0.3905138339920949,5060,,
cumulative,130,106809,LightGBM,0.8126866216428512,0.0,0.14324555735632585,5060,0.7974756316416088,0.8284380662610643
cumulative,130,106809,Logistic Regression,0.7666621945523682,0.0,0.1626850180705912,5060,0.7493521700428947,0.7860460429033477
cumulative,130,106809,Random Forest,0.8009609975575328,0.00261190075746236,0.15814095348091453,5060,,
cumulative,130,106809,XGBoost,0.8108881800245188,0.0,0.14452995359897614,5060,,
cumulative,131,108004,Dummy,0.37353060397243615,0.0,0.37353060397243615,4934,,
cumulative,131,108004,LightGBM,0.7881384012729034,0.0,0.14659721856772093,4934,0.7711781889925595,0.8057386824035508
cumulative,131,108004,Logistic Regression,0.7449055577296567,0.0,0.1661076671055424,4934,0.724168506095402,0.7659470307642541
cumulative,131,108004,Random Forest,0.7672247495990474,0.0028417356009951115,0.16137125297985078,4934,,
cumulative,131,108004,XGBoost,0.7885677348403682,0.0,0.14566218852996826,4934,,
cumulative,132,109336,Dummy,0.37377934760024933,0.0,0.37377934760024933,4813,,
cumulative,132,109336,LightGBM,0.7878886307917815,0.0,0.1448153331829927,4813,0.7705617928911241,0.8047090565937914
cumulative,132,109336,Logistic Regression,0.7398427303710468,0.0,0.16576543224264575,4813,0.7188524295221961,0.7624067108114482
cumulative,132,109336,Random Forest,0.7538096516006592,0.003146311343771419,0.16612646349991197,4813,,
cumulative,132,109336,XGBoost,0.7727013450349994,0.0,0.15039591491222382,4813,,
cumulative,133,110515,Dummy,0.3768359211078473,0.0,0.3768359211078473,4766,,
cumulative,133,110515,LightGBM,0.7705427396887532,0.0,0.15231329138155186,4766,0.7523557543078371,0.789162383798634
cumulative,133,110515,Logistic Regression,0.7313876343778684,0.0,0.17147486035262993,4766,0.7092000811628668,0.7518277942680713
cumulative,133,110515,Random Forest,0.7597368705285134,0.002390370835085936,0.16591275202581743,4766,,
cumulative,133,110515,XGBoost,0.7747968338236889,0.0,0.15115642547607422,4766,,
cumulative,134,111869,Dummy,0.3806036395916556,0.0,0.3806036395916556,4506,,
cumulative,134,111869,LightGBM,0.7706350593451704,0.0,0.15361398536522738,4506,0.750947162831642,0.7898197291999491
cumulative,134,111869,Logistic Regression,0.716044999924307,0.0,0.17840991690334476,4506,0.6930865540320965,0.7411715494487168
cumulative,134,111869,Random Forest,0.7401848995766352,0.001801360476045317,0.17185885504624446,4506,,
cumulative,134,111869,XGBoost,0.7607476095714764,0.0,0.15567336976528168,4506,,
cumulative,135,112938,Dummy,0.4000857632933104,0.0,0.4000857632933104,4664,,
cumulative,135,112938,LightGBM,0.7725666883368428,0.0,0.15756251671299212,4664,0.7520758688851753,0.7919264978157228
cumulative,135,112938,Logistic Regression,0.7282066498414516,0.0,0.1805689328660215,4664,0.7077216576573876,0.7474887051089477
cumulative,135,112938,Random Forest,0.7505009917689168,0.003065663193945472,0.1764500181189547,4664,,
cumulative,135,112938,XGBoost,0.768511166611396,0.0,0.1598106026649475,4664,,
cumulative,136,114149,Dummy,0.3775510204081633,0.0,0.3775510204081633,4508,,
cumulative,136,114149,LightGBM,0.7383390898018686,0.0,0.1580767032151522,4508,0.7175583441639422,0.7604741109062486
cumulative,136,114149,Logistic Regression,0.6978214638808288,0.0,0.1799647006899303,4508,0.6740715192380566,0.7218492287090391
cumulative,136,114149,Random Forest,0.7235887168941044,0.0010037082488461655,0.17277311996543243,4508,,
cumulative,136,114149,XGBoost,0.7450506460209079,0.0,0.15665045380592346,4508,,
cumulative,137,115281,Dummy,0.36626916524701875,0.0,0.36626916524701875,4109,,
cumulative,137,115281,LightGBM,0.7342665452562994,0.0,0.15677107440873314,4109,0.7120036773115577,0.7570624812814593
cumulative,137,115281,Logistic Regression,0.6799608061152554,0.0,0.18163172364853455,4109,0.6532402961373699,0.705904838083681
cumulative,137,115281,Random Forest,0.7208510660706963,0.0028780551622480384,0.16943155497956705,4109,,
cumulative,137,115281,XGBoost,0.7465814221646943,0.0,0.15299329161643982,4109,,
