scenario,cost_ratio,K,E_profit,P_walk,marginal,k_star_curve,k_star_theory,adr,exp_noshow,cohort_size,mode,split
"낙관(walk 0.5×ADR, 협상 굿윌 하단)",0.5,0,0.0,0.0,,41,41,108.0,39.97,162,daily_cohort,test
"낙관(walk 0.5×ADR, 협상 굿윌 하단)",0.5,1,108.0,0.0,108.0,41,41,108.0,39.97,162,daily_cohort,test
"낙관(walk 0.5×ADR, 협상 굿윌 하단)",0.5,2,216.0,0.0,108.0,41,41,108.0,39.97,162,daily_cohort,test
"낙관(walk 0.5×ADR, 협상 굿윌 하단)",0.5,3,324.0,0.0,108.0,41,41,108.0,39.97,162,daily_cohort,test
"낙관(walk 0.5×ADR, 협상 굿윌 하단)",0.5,4,432.0,0.0,108.0,41,41,108.0,39.97,162,daily_cohort,test
"낙관(walk 0.5×ADR, 협상 굿윌 하단)",0.5,5,540.0,0.0,108.0,41,41,108.0,39.97,162,daily_cohort,test
"낙관(walk 0.5×ADR, 협상 굿윌 하단)",0.5,6,648.0,0.0,108.0,41,41,108.0,39.97,162,daily_cohort,test
"낙관(walk 0.5×ADR, 협상 굿윌 하단)",0.5,7,756.0,0.0,108.0,41,41,108.0,39.97,162,daily_cohort,test
"낙관(walk 0.5×ADR, 협상 굿윌 하단)",0.5,8,864.0,0.0,108.0,41,41,108.0,39.97,162,daily_cohort,test
"낙관(walk 0.5×ADR, 협상 굿윌 하단)",0.5,9,972.0,0.0,108.0,41,41,108.0,39.97,162,daily_cohort,test
"낙관(walk 0.5×ADR, 협상 굿윌 하단)",0.5,10,1080.0,0.0,108.0,41,41,108.0,39.97,162,daily_cohort,test
"낙관(walk 0.5×ADR, 협상 굿윌 하단)",0.5,11,1188.0,0.0,108.0,41,41,108.0,39.97,162,daily_cohort,test
"낙관(walk 0.5×ADR, 협상 굿윌 하단)",0.5,12,1296.0,0.0,108.0,41,41,108.0,39.97,162,daily_cohort,test
"낙관(walk 0.5×ADR, 협상 굿윌 하단)",0.5,13,1404.0,0.0,108.0,41,41,108.0,39.97,162,daily_cohort,test
"낙관(walk 0.5×ADR, 협상 굿윌 하단)",0.5,14,1512.0,0.0,108.0,41,41,108.0,39.97,162,daily_cohort,test
"낙관(walk 0.5×ADR, 협상 굿윌 하단)",0.5,15,1620.0,0.0,108.0,41,41,108.0,39.97,162,daily_cohort,test
"낙관(walk 0.5×ADR, 협상 굿윌 하단)",0.5,16,1728.0,0.0,108.0,41,41,108.0,39.97,162,daily_cohort,test
"낙관(walk 0.5×ADR, 협상 굿윌 하단)",0.5,17,1836.0,0.0,108.0,41,41,108.0,39.97,162,daily_cohort,test
"낙관(walk 0.5×ADR, 협상 굿윌 하단)",0.5,18,1944.0,0.0,108.0,41,41,108.0,39.97,162,daily_cohort,test
"낙관(walk 0.5×ADR, 협상 굿윌 하단)",0.5,19,2052.0,0.0,108.0,41,41,108.0,39.97,162,daily_cohort,test
"낙관(walk 0.5×ADR, 협상 굿윌 하단)",0.5,20,2160.0,0.0,108.0,41,41,108.0,39.97,162,daily_cohort,test
"낙관(walk 0.5×ADR, 협상 굿윌 하단)",0.5,21,2268.0,0.0,108.0,41,41,108.0,39.97,162,daily_cohort,test
"낙관(walk 0.5×ADR, 협상 굿윌 하단)",0.5,22,2376.0,0.0,108.0,41,41,108.0,39.97,162,daily_cohort,test
"낙관(walk 0.5×ADR, 협상 굿윌 하단)",0.5,23,2484.0,0.0,108.0,41,41,108.0,39.97,162,daily_cohort,test
"낙관(walk 0.5×ADR, 협상 굿윌 하단)",0.5,24,2592.0,0.0,108.0,41,41,108.0,39.97,162,daily_cohort,test
"낙관(walk 0.5×ADR, 협상 굿윌 하단)",0.5,25,2700.0,0.0,108.0,41,41,108.0,39.97,162,daily_cohort,test
"낙관(walk 0.5×ADR, 협상 굿윌 하단)",0.5,26,2808.0,0.0,108.0,41,41,108.0,39.97,162,daily_cohort,test
"낙관(walk 0.5×ADR, 협상 굿윌 하단)",0.5,27,2915.99,0.0,107.99,41,41,108.0,39.97,162,daily_cohort,test
"낙관(walk 0.5×ADR, 협상 굿윌 하단)",0.5,28,3023.97,0.0001,107.98,41,41,108.0,39.97,162,daily_cohort,test
"낙관(walk 0.5×ADR, 협상 굿윌 하단)",0.5,29,3131.9,0.0005,107.93,41,41,108.0,39.97,162,daily_cohort,test
"낙관(walk 0.5×ADR, 협상 굿윌 하단)",0.5,30,3239.68,0.0013,107.79,41,41,108.0,39.97,162,daily_cohort,test
"낙관(walk 0.5×ADR, 협상 굿윌 하단)",0.5,31,3347.13,0.0034,107.45,41,41,108.0,39.97,162,daily_cohort,test
"낙관(walk 0.5×ADR, 협상 굿윌 하단)",0.5,32,3453.81,0.0081,106.68,41,41,108.0,39.97,162,daily_cohort,test
"낙관(walk 0.5×ADR, 협상 굿윌 하단)",0.5,33,3558.95,0.0177,105.14,41,41,108.0,39.97,162,daily_cohort,test
"낙관(walk 0.5×ADR, 협상 굿윌 하단)",0.5,34,3661.26,0.0352,102.31,41,41,108.0,39.97,162,daily_cohort,test
"낙관(walk 0.5×ADR, 협상 굿윌 하단)",0.5,35,3758.82,0.0644,97.56,41,41,108.0,39.97,162,daily_cohort,test
"낙관(walk 0.5×ADR, 협상 굿윌 하단)",0.5,36,3849.12,0.1092,90.3,41,41,108.0,39.97,162,daily_cohort,test
"낙관(walk 0.5×ADR, 협상 굿윌 하단)",0.5,37,3929.24,0.1721,80.11,41,41,108.0,39.97,162,daily_cohort,test
"낙관(walk 0.5×ADR, 협상 굿윌 하단)",0.5,38,3996.2,0.2533,66.96,41,41,108.0,39.97,162,daily_cohort,test
"낙관(walk 0.5×ADR, 협상 굿윌 하단)",0.5,39,4047.51,0.3499,51.31,41,41,108.0,39.97,162,daily_cohort,test
"낙관(walk 0.5×ADR, 협상 굿윌 하단)",0.5,40,4081.6,0.4563,34.09,41,41,108.0,39.97,162,daily_cohort,test
"낙관(walk 0.5×ADR, 협상 굿윌 하단)",0.5,41,4098.12,0.5647,16.52,41,41,108.0,39.97,162,daily_cohort,test
"낙관(walk 0.5×ADR, 협상 굿윌 하단)",0.5,42,4097.99,0.6674,-0.13,41,41,108.0,39.97,162,daily_cohort,test
"낙관(walk 0.5×ADR, 협상 굿윌 하단)",0.5,43,4083.18,0.7581,-14.81,41,41,108.0,39.97,162,daily_cohort,test
"낙관(walk 0.5×ADR, 협상 굿윌 하단)",0.5,44,4056.29,0.8327,-26.89,41,41,108.0,39.97,162,daily_cohort,test
"낙관(walk 0.5×ADR, 협상 굿윌 하단)",0.5,45,4020.1,0.8901,-36.19,41,41,108.0,39.97,162,daily_cohort,test
"낙관(walk 0.5×ADR, 협상 굿윌 하단)",0.5,46,3977.21,0.9314,-42.89,41,41,108.0,39.97,162,daily_cohort,test
"낙관(walk 0.5×ADR, 협상 굿윌 하단)",0.5,47,3929.78,0.9594,-47.43,41,41,108.0,39.97,162,daily_cohort,test
"낙관(walk 0.5×ADR, 협상 굿윌 하단)",0.5,48,3879.47,0.9772,-50.31,41,41,108.0,39.97,162,daily_cohort,test
"낙관(walk 0.5×ADR, 협상 굿윌 하단)",0.5,49,3827.44,0.9878,-52.03,41,41,108.0,39.97,162,daily_cohort,test
"낙관(walk 0.5×ADR, 협상 굿윌 하단)",0.5,50,3774.44,0.9938,-53.0,41,41,108.0,39.97,162,daily_cohort,test
"낙관(walk 0.5×ADR, 협상 굿윌 하단)",0.5,51,3720.92,0.997,-53.52,41,41,108.0,39.97,162,daily_cohort,test
"낙관(walk 0.5×ADR, 협상 굿윌 하단)",0.5,52,3667.14,0.9986,-53.78,41,41,108.0,39.97,162,daily_cohort,test
"낙관(walk 0.5×ADR, 협상 굿윌 하단)",0.5,53,3613.24,0.9994,-53.9,41,41,108.0,39.97,162,daily_cohort,test
"낙관(walk 0.5×ADR, 협상 굿윌 하단)",0.5,54,3559.28,0.9998,-53.96,41,41,108.0,39.97,162,daily_cohort,test
"낙관(walk 0.5×ADR, 협상 굿윌 하단)",0.5,55,3505.29,0.9999,-53.98,41,41,108.0,39.97,162,daily_cohort,test
"낙관(walk 0.5×ADR, 협상 굿윌 하단)",0.5,56,3451.3,1.0,-53.99,41,41,108.0,39.97,162,daily_cohort,test
"낙관(walk 0.5×ADR, 협상 굿윌 하단)",0.5,57,3397.3,1.0,-54.0,41,41,108.0,39.97,162,daily_cohort,test
"낙관(walk 0.5×ADR, 협상 굿윌 하단)",0.5,58,3343.3,1.0,-54.0,41,41,108.0,39.97,162,daily_cohort,test
"낙관(walk 0.5×ADR, 협상 굿윌 하단)",0.5,59,3289.3,1.0,-54.0,41,41,108.0,39.97,162,daily_cohort,test
"낙관(walk 0.5×ADR, 협상 굿윌 하단)",0.5,60,3235.3,1.0,-54.0,41,41,108.0,39.97,162,daily_cohort,test
"낙관(walk 0.5×ADR, 협상 굿윌 하단)",0.5,61,3181.3,1.0,-54.0,41,41,108.0,39.97,162,daily_cohort,test
"낙관(walk 0.5×ADR, 협상 굿윌 하단)",0.5,62,3127.3,1.0,-54.0,41,41,108.0,39.97,162,daily_cohort,test
"낙관(walk 0.5×ADR, 협상 굿윌 하단)",0.5,63,3073.3,1.0,-54.0,41,41,108.0,39.97,162,daily_cohort,test
"낙관(walk 0.5×ADR, 협상 굿윌 하단)",0.5,64,3019.3,1.0,-54.0,41,41,108.0,39.97,162,daily_cohort,test
"낙관(walk 0.5×ADR, 협상 굿윌 하단)",0.5,65,2965.3,1.0,-54.0,41,41,108.0,39.97,162,daily_cohort,test
"낙관(walk 0.5×ADR, 협상 굿윌 하단)",0.5,66,2911.3,1.0,-54.0,41,41,108.0,39.97,162,daily_cohort,test
"낙관(walk 0.5×ADR, 협상 굿윌 하단)",0.5,67,2857.3,1.0,-54.0,41,41,108.0,39.97,162,daily_cohort,test
"낙관(walk 0.5×ADR, 협상 굿윌 하단)",0.5,68,2803.3,1.0,-54.0,41,41,108.0,39.97,162,daily_cohort,test
"낙관(walk 0.5×ADR, 협상 굿윌 하단)",0.5,69,2749.3,1.0,-54.0,41,41,108.0,39.97,162,daily_cohort,test
"낙관(walk 0.5×ADR, 협상 굿윌 하단)",0.5,70,2695.3,1.0,-54.0,41,41,108.0,39.97,162,daily_cohort,test
"낙관(walk 0.5×ADR, 협상 굿윌 하단)",0.5,71,2641.3,1.0,-54.0,41,41,108.0,39.97,162,daily_cohort,test
"낙관(walk 0.5×ADR, 협상 굿윌 하단)",0.5,72,2587.3,1.0,-54.0,41,41,108.0,39.97,162,daily_cohort,test
"낙관(walk 0.5×ADR, 협상 굿윌 하단)",0.5,73,2533.3,1.0,-54.0,41,41,108.0,39.97,162,daily_cohort,test
"낙관(walk 0.5×ADR, 협상 굿윌 하단)",0.5,74,2479.3,1.0,-54.0,41,41,108.0,39.97,162,daily_cohort,test
"낙관(walk 0.5×ADR, 협상 굿윌 하단)",0.5,75,2425.3,1.0,-54.0,41,41,108.0,39.97,162,daily_cohort,test
"낙관(walk 0.5×ADR, 협상 굿윌 하단)",0.5,76,2371.3,1.0,-54.0,41,41,108.0,39.97,162,daily_cohort,test
"낙관(walk 0.5×ADR, 협상 굿윌 하단)",0.5,77,2317.3,1.0,-54.0,41,41,108.0,39.97,162,daily_cohort,test
"낙관(walk 0.5×ADR, 협상 굿윌 하단)",0.5,78,2263.3,1.0,-54.0,41,41,108.0,39.97,162,daily_cohort,test
"낙관(walk 0.5×ADR, 협상 굿윌 하단)",0.5,79,2209.3,1.0,-54.0,41,41,108.0,39.97,162,daily_cohort,test
"낙관(walk 0.5×ADR, 협상 굿윌 하단)",0.5,80,2155.3,1.0,-54.0,41,41,108.0,39.97,162,daily_cohort,test
"낙관(walk 0.5×ADR, 협상 굿윌 하단)",0.5,81,2101.3,1.0,-54.0,41,41,108.0,39.97,162,daily_cohort,test
"낙관(walk 0.5×ADR, 협상 굿윌 하단)",0.5,82,2047.3,1.0,-54.0,41,41,108.0,39.97,162,daily_cohort,test
"낙관(walk 0.5×ADR, 협상 굿윌 하단)",0.5,83,1993.3,1.0,-54.0,41,41,108.0,39.97,162,daily_cohort,test
"낙관(walk 0.5×ADR, 협상 굿윌 하단)",0.5,84,1939.3,1.0,-54.0,41,41,108.0,39.97,162,daily_cohort,test
"낙관(walk 0.5×ADR, 협상 굿윌 하단)",0.5,85,1885.3,1.0,-54.0,41,41,108.0,39.97,162,daily_cohort,test
"낙관(walk 0.5×ADR, 협상 굿윌 하단)",0.5,86,1831.3,1.0,-54.0,41,41,108.0,39.97,162,daily_cohort,test
"낙관(walk 0.5×ADR, 협상 굿윌 하단)",0.5,87,1777.3,1.0,-54.0,41,41,108.0,39.97,162,daily_cohort,test
"낙관(walk 0.5×ADR, 협상 굿윌 하단)",0.5,88,1723.3,1.0,-54.0,41,41,108.0,39.97,162,daily_cohort,test
"낙관(walk 0.5×ADR, 협상 굿윌 하단)",0.5,89,1669.3,1.0,-54.0,41,41,108.0,39.97,162,daily_cohort,test
"중립(walk 1.0×ADR, 첫날 풀보상)",1.0,0,0.0,0.0,,40,40,108.0,39.97,162,daily_cohort,test
"중립(walk 1.0×ADR, 첫날 풀보상)",1.0,1,108.0,0.0,108.0,40,40,108.0,39.97,162,daily_cohort,test
"중립(walk 1.0×ADR, 첫날 풀보상)",1.0,2,216.0,0.0,108.0,40,40,108.0,39.97,162,daily_cohort,test
"중립(walk 1.0×ADR, 첫날 풀보상)",1.0,3,324.0,0.0,108.0,40,40,108.0,39.97,162,daily_cohort,test
"중립(walk 1.0×ADR, 첫날 풀보상)",1.0,4,432.0,0.0,108.0,40,40,108.0,39.97,162,daily_cohort,test
"중립(walk 1.0×ADR, 첫날 풀보상)",1.0,5,540.0,0.0,108.0,40,40,108.0,39.97,162,daily_cohort,test
"중립(walk 1.0×ADR, 첫날 풀보상)",1.0,6,648.0,0.0,108.0,40,40,108.0,39.97,162,daily_cohort,test
"중립(walk 1.0×ADR, 첫날 풀보상)",1.0,7,756.0,0.0,108.0,40,40,108.0,39.97,162,daily_cohort,test
"중립(walk 1.0×ADR, 첫날 풀보상)",1.0,8,864.0,0.0,108.0,40,40,108.0,39.97,162,daily_cohort,test
"중립(walk 1.0×ADR, 첫날 풀보상)",1.0,9,972.0,0.0,108.0,40,40,108.0,39.97,162,daily_cohort,test
"중립(walk 1.0×ADR, 첫날 풀보상)",1.0,10,1080.0,0.0,108.0,40,40,108.0,39.97,162,daily_cohort,test
"중립(walk 1.0×ADR, 첫날 풀보상)",1.0,11,1188.0,0.0,108.0,40,40,108.0,39.97,162,daily_cohort,test
"중립(walk 1.0×ADR, 첫날 풀보상)",1.0,12,1296.0,0.0,108.0,40,40,108.0,39.97,162,daily_cohort,test
"중립(walk 1.0×ADR, 첫날 풀보상)",1.0,13,1404.0,0.0,108.0,40,40,108.0,39.97,162,daily_cohort,test
"중립(walk 1.0×ADR, 첫날 풀보상)",1.0,14,1512.0,0.0,108.0,40,40,108.0,39.97,162,daily_cohort,test
"중립(walk 1.0×ADR, 첫날 풀보상)",1.0,15,1620.0,0.0,108.0,40,40,108.0,39.97,162,daily_cohort,test
"중립(walk 1.0×ADR, 첫날 풀보상)",1.0,16,1728.0,0.0,108.0,40,40,108.0,39.97,162,daily_cohort,test
"중립(walk 1.0×ADR, 첫날 풀보상)",1.0,17,1836.0,0.0,108.0,40,40,108.0,39.97,162,daily_cohort,test
"중립(walk 1.0×ADR, 첫날 풀보상)",1.0,18,1944.0,0.0,108.0,40,40,108.0,39.97,162,daily_cohort,test
"중립(walk 1.0×ADR, 첫날 풀보상)",1.0,19,2052.0,0.0,108.0,40,40,108.0,39.97,162,daily_cohort,test
"중립(walk 1.0×ADR, 첫날 풀보상)",1.0,20,2160.0,0.0,108.0,40,40,108.0,39.97,162,daily_cohort,test
"중립(walk 1.0×ADR, 첫날 풀보상)",1.0,21,2268.0,0.0,108.0,40,40,108.0,39.97,162,daily_cohort,test
"중립(walk 1.0×ADR, 첫날 풀보상)",1.0,22,2376.0,0.0,108.0,40,40,108.0,39.97,162,daily_cohort,test
"중립(walk 1.0×ADR, 첫날 풀보상)",1.0,23,2484.0,0.0,108.0,40,40,108.0,39.97,162,daily_cohort,test
"중립(walk 1.0×ADR, 첫날 풀보상)",1.0,24,2592.0,0.0,108.0,40,40,108.0,39.97,162,daily_cohort,test
"중립(walk 1.0×ADR, 첫날 풀보상)",1.0,25,2700.0,0.0,108.0,40,40,108.0,39.97,162,daily_cohort,test
"중립(walk 1.0×ADR, 첫날 풀보상)",1.0,26,2808.0,0.0,108.0,40,40,108.0,39.97,162,daily_cohort,test
"중립(walk 1.0×ADR, 첫날 풀보상)",1.0,27,2915.99,0.0,107.99,40,40,108.0,39.97,162,daily_cohort,test
"중립(walk 1.0×ADR, 첫날 풀보상)",1.0,28,3023.96,0.0001,107.97,40,40,108.0,39.97,162,daily_cohort,test
"중립(walk 1.0×ADR, 첫날 풀보상)",1.0,29,3131.86,0.0005,107.9,40,40,108.0,39.97,162,daily_cohort,test
"중립(walk 1.0×ADR, 첫날 풀보상)",1.0,30,3239.58,0.0013,107.72,40,40,108.0,39.97,162,daily_cohort,test
"중립(walk 1.0×ADR, 첫날 풀보상)",1.0,31,3346.84,0.0034,107.26,40,40,108.0,39.97,162,daily_cohort,test
"중립(walk 1.0×ADR, 첫날 풀보상)",1.0,32,3453.08,0.0081,106.24,40,40,108.0,39.97,162,daily_cohort,test
"중립(walk 1.0×ADR, 첫날 풀보상)",1.0,33,3557.27,0.0177,104.19,40,40,108.0,39.97,162,daily_cohort,test
"중립(walk 1.0×ADR, 첫날 풀보상)",1.0,34,3657.68,0.0352,100.41,40,40,108.0,39.97,162,daily_cohort,test
"중립(walk 1.0×ADR, 첫날 풀보상)",1.0,35,3751.76,0.0644,94.08,40,40,108.0,39.97,162,daily_cohort,test
"중립(walk 1.0×ADR, 첫날 풀보상)",1.0,36,3836.16,0.1092,84.4,40,40,108.0,39.97,162,daily_cohort,test
"중립(walk 1.0×ADR, 첫날 풀보상)",1.0,37,3906.98,0.1721,70.82,40,40,108.0,39.97,162,daily_cohort,test
"중립(walk 1.0×ADR, 첫날 풀보상)",1.0,38,3960.27,0.2533,53.29,40,40,108.0,39.97,162,daily_cohort,test
"중립(walk 1.0×ADR, 첫날 풀보상)",1.0,39,3992.68,0.3499,32.42,40,40,108.0,39.97,162,daily_cohort,test
"중립(walk 1.0×ADR, 첫날 풀보상)",1.0,40,4002.13,0.4563,9.45,40,40,108.0,39.97,162,daily_cohort,test
"중립(walk 1.0×ADR, 첫날 풀보상)",1.0,41,3988.16,0.5647,-13.97,40,40,108.0,39.97,162,daily_cohort,test
"중립(walk 1.0×ADR, 첫날 풀보상)",1.0,42,3951.99,0.6674,-36.17,40,40,108.0,39.97,162,daily_cohort,test
"중립(walk 1.0×ADR, 첫날 풀보상)",1.0,43,3896.25,0.7581,-55.74,40,40,108.0,39.97,162,daily_cohort,test
"중립(walk 1.0×ADR, 첫날 풀보상)",1.0,44,3824.39,0.8327,-71.86,40,40,108.0,39.97,162,daily_cohort,test
"중립(walk 1.0×ADR, 첫날 풀보상)",1.0,45,3740.13,0.8901,-84.26,40,40,108.0,39.97,162,daily_cohort,test
"중립(walk 1.0×ADR, 첫날 풀보상)",1.0,46,3646.94,0.9314,-93.19,40,40,108.0,39.97,162,daily_cohort,test
"중립(walk 1.0×ADR, 첫날 풀보상)",1.0,47,3547.71,0.9594,-99.23,40,40,108.0,39.97,162,daily_cohort,test
"중립(walk 1.0×ADR, 첫날 풀보상)",1.0,48,3444.63,0.9772,-103.08,40,40,108.0,39.97,162,daily_cohort,test
"중립(walk 1.0×ADR, 첫날 풀보상)",1.0,49,3339.26,0.9878,-105.37,40,40,108.0,39.97,162,daily_cohort,test
"중립(walk 1.0×ADR, 첫날 풀보상)",1.0,50,3232.59,0.9938,-106.67,40,40,108.0,39.97,162,daily_cohort,test
"중립(walk 1.0×ADR, 첫날 풀보상)",1.0,51,3125.23,0.997,-107.36,40,40,108.0,39.97,162,daily_cohort,test
"중립(walk 1.0×ADR, 첫날 풀보상)",1.0,52,3017.52,0.9986,-107.71,40,40,108.0,39.97,162,daily_cohort,test
"중립(walk 1.0×ADR, 첫날 풀보상)",1.0,53,2909.65,0.9994,-107.87,40,40,108.0,39.97,162,daily_cohort,test
"중립(walk 1.0×ADR, 첫날 풀보상)",1.0,54,2801.7,0.9998,-107.95,40,40,108.0,39.97,162,daily_cohort,test
"중립(walk 1.0×ADR, 첫날 풀보상)",1.0,55,2693.72,0.9999,-107.98,40,40,108.0,39.97,162,daily_cohort,test
"중립(walk 1.0×ADR, 첫날 풀보상)",1.0,56,2585.73,1.0,-107.99,40,40,108.0,39.97,162,daily_cohort,test
"중립(walk 1.0×ADR, 첫날 풀보상)",1.0,57,2477.73,1.0,-108.0,40,40,108.0,39.97,162,daily_cohort,test
"중립(walk 1.0×ADR, 첫날 풀보상)",1.0,58,2369.74,1.0,-108.0,40,40,108.0,39.97,162,daily_cohort,test
"중립(walk 1.0×ADR, 첫날 풀보상)",1.0,59,2261.74,1.0,-108.0,40,40,108.0,39.97,162,daily_cohort,test
"중립(walk 1.0×ADR, 첫날 풀보상)",1.0,60,2153.74,1.0,-108.0,40,40,108.0,39.97,162,daily_cohort,test
"중립(walk 1.0×ADR, 첫날 풀보상)",1.0,61,2045.74,1.0,-108.0,40,40,108.0,39.97,162,daily_cohort,test
"중립(walk 1.0×ADR, 첫날 풀보상)",1.0,62,1937.74,1.0,-108.0,40,40,108.0,39.97,162,daily_cohort,test
"중립(walk 1.0×ADR, 첫날 풀보상)",1.0,63,1829.74,1.0,-108.0,40,40,108.0,39.97,162,daily_cohort,test
"중립(walk 1.0×ADR, 첫날 풀보상)",1.0,64,1721.74,1.0,-108.0,40,40,108.0,39.97,162,daily_cohort,test
"중립(walk 1.0×ADR, 첫날 풀보상)",1.0,65,1613.74,1.0,-108.0,40,40,108.0,39.97,162,daily_cohort,test
"중립(walk 1.0×ADR, 첫날 풀보상)",1.0,66,1505.74,1.0,-108.0,40,40,108.0,39.97,162,daily_cohort,test
"중립(walk 1.0×ADR, 첫날 풀보상)",1.0,67,1397.74,1.0,-108.0,40,40,108.0,39.97,162,daily_cohort,test
"중립(walk 1.0×ADR, 첫날 풀보상)",1.0,68,1289.74,1.0,-108.0,40,40,108.0,39.97,162,daily_cohort,test
"중립(walk 1.0×ADR, 첫날 풀보상)",1.0,69,1181.74,1.0,-108.0,40,40,108.0,39.97,162,daily_cohort,test
"중립(walk 1.0×ADR, 첫날 풀보상)",1.0,70,1073.74,1.0,-108.0,40,40,108.0,39.97,162,daily_cohort,test
"중립(walk 1.0×ADR, 첫날 풀보상)",1.0,71,965.74,1.0,-108.0,40,40,108.0,39.97,162,daily_cohort,test
"중립(walk 1.0×ADR, 첫날 풀보상)",1.0,72,857.74,1.0,-108.0,40,40,108.0,39.97,162,daily_cohort,test
"중립(walk 1.0×ADR, 첫날 풀보상)",1.0,73,749.74,1.0,-108.0,40,40,108.0,39.97,162,daily_cohort,test
"중립(walk 1.0×ADR, 첫날 풀보상)",1.0,74,641.74,1.0,-108.0,40,40,108.0,39.97,162,daily_cohort,test
"중립(walk 1.0×ADR, 첫날 풀보상)",1.0,75,533.74,1.0,-108.0,40,40,108.0,39.97,162,daily_cohort,test
"중립(walk 1.0×ADR, 첫날 풀보상)",1.0,76,425.74,1.0,-108.0,40,40,108.0,39.97,162,daily_cohort,test
"중립(walk 1.0×ADR, 첫날 풀보상)",1.0,77,317.74,1.0,-108.0,40,40,108.0,39.97,162,daily_cohort,test
"중립(walk 1.0×ADR, 첫날 풀보상)",1.0,78,209.74,1.0,-108.0,40,40,108.0,39.97,162,daily_cohort,test
"중립(walk 1.0×ADR, 첫날 풀보상)",1.0,79,101.74,1.0,-108.0,40,40,108.0,39.97,162,daily_cohort,test
"중립(walk 1.0×ADR, 첫날 풀보상)",1.0,80,-6.26,1.0,-108.0,40,40,108.0,39.97,162,daily_cohort,test
"중립(walk 1.0×ADR, 첫날 풀보상)",1.0,81,-114.26,1.0,-108.0,40,40,108.0,39.97,162,daily_cohort,test
"중립(walk 1.0×ADR, 첫날 풀보상)",1.0,82,-222.26,1.0,-108.0,40,40,108.0,39.97,162,daily_cohort,test
"중립(walk 1.0×ADR, 첫날 풀보상)",1.0,83,-330.26,1.0,-108.0,40,40,108.0,39.97,162,daily_cohort,test
"중립(walk 1.0×ADR, 첫날 풀보상)",1.0,84,-438.26,1.0,-108.0,40,40,108.0,39.97,162,daily_cohort,test
"중립(walk 1.0×ADR, 첫날 풀보상)",1.0,85,-546.26,1.0,-108.0,40,40,108.0,39.97,162,daily_cohort,test
"중립(walk 1.0×ADR, 첫날 풀보상)",1.0,86,-654.26,1.0,-108.0,40,40,108.0,39.97,162,daily_cohort,test
"중립(walk 1.0×ADR, 첫날 풀보상)",1.0,87,-762.26,1.0,-108.0,40,40,108.0,39.97,162,daily_cohort,test
"중립(walk 1.0×ADR, 첫날 풀보상)",1.0,88,-870.26,1.0,-108.0,40,40,108.0,39.97,162,daily_cohort,test
"중립(walk 1.0×ADR, 첫날 풀보상)",1.0,89,-978.26,1.0,-108.0,40,40,108.0,39.97,162,daily_cohort,test
"평판포함(walk 2.0×ADR, 보수적·design_21§4)",2.0,0,0.0,0.0,,38,38,108.0,39.97,162,daily_cohort,test
"평판포함(walk 2.0×ADR, 보수적·design_21§4)",2.0,1,108.0,0.0,108.0,38,38,108.0,39.97,162,daily_cohort,test
"평판포함(walk 2.0×ADR, 보수적·design_21§4)",2.0,2,216.0,0.0,108.0,38,38,108.0,39.97,162,daily_cohort,test
"평판포함(walk 2.0×ADR, 보수적·design_21§4)",2.0,3,324.0,0.0,108.0,38,38,108.0,39.97,162,daily_cohort,test
"평판포함(walk 2.0×ADR, 보수적·design_21§4)",2.0,4,432.0,0.0,108.0,38,38,108.0,39.97,162,daily_cohort,test
"평판포함(walk 2.0×ADR, 보수적·design_21§4)",2.0,5,540.0,0.0,108.0,38,38,108.0,39.97,162,daily_cohort,test
"평판포함(walk 2.0×ADR, 보수적·design_21§4)",2.0,6,648.0,0.0,108.0,38,38,108.0,39.97,162,daily_cohort,test
"평판포함(walk 2.0×ADR, 보수적·design_21§4)",2.0,7,756.0,0.0,108.0,38,38,108.0,39.97,162,daily_cohort,test
"평판포함(walk 2.0×ADR, 보수적·design_21§4)",2.0,8,864.0,0.0,108.0,38,38,108.0,39.97,162,daily_cohort,test
"평판포함(walk 2.0×ADR, 보수적·design_21§4)",2.0,9,972.0,0.0,108.0,38,38,108.0,39.97,162,daily_cohort,test
"평판포함(walk 2.0×ADR, 보수적·design_21§4)",2.0,10,1080.0,0.0,108.0,38,38,108.0,39.97,162,daily_cohort,test
"평판포함(walk 2.0×ADR, 보수적·design_21§4)",2.0,11,1188.0,0.0,108.0,38,38,108.0,39.97,162,daily_cohort,test
"평판포함(walk 2.0×ADR, 보수적·design_21§4)",2.0,12,1296.0,0.0,108.0,38,38,108.0,39.97,162,daily_cohort,test
"평판포함(walk 2.0×ADR, 보수적·design_21§4)",2.0,13,1404.0,0.0,108.0,38,38,108.0,39.97,162,daily_cohort,test
"평판포함(walk 2.0×ADR, 보수적·design_21§4)",2.0,14,1512.0,0.0,108.0,38,38,108.0,39.97,162,daily_cohort,test
"평판포함(walk 2.0×ADR, 보수적·design_21§4)",2.0,15,1620.0,0.0,108.0,38,38,108.0,39.97,162,daily_cohort,test
"평판포함(walk 2.0×ADR, 보수적·design_21§4)",2.0,16,1728.0,0.0,108.0,38,38,108.0,39.97,162,daily_cohort,test
"평판포함(walk 2.0×ADR, 보수적·design_21§4)",2.0,17,1836.0,0.0,108.0,38,38,108.0,39.97,162,daily_cohort,test
"평판포함(walk 2.0×ADR, 보수적·design_21§4)",2.0,18,1944.0,0.0,108.0,38,38,108.0,39.97,162,daily_cohort,test
"평판포함(walk 2.0×ADR, 보수적·design_21§4)",2.0,19,2052.0,0.0,108.0,38,38,108.0,39.97,162,daily_cohort,test
"평판포함(walk 2.0×ADR, 보수적·design_21§4)",2.0,20,2160.0,0.0,108.0,38,38,108.0,39.97,162,daily_cohort,test
"평판포함(walk 2.0×ADR, 보수적·design_21§4)",2.0,21,2268.0,0.0,108.0,38,38,108.0,39.97,162,daily_cohort,test
"평판포함(walk 2.0×ADR, 보수적·design_21§4)",2.0,22,2376.0,0.0,108.0,38,38,108.0,39.97,162,daily_cohort,test
"평판포함(walk 2.0×ADR, 보수적·design_21§4)",2.0,23,2484.0,0.0,108.0,38,38,108.0,39.97,162,daily_cohort,test
"평판포함(walk 2.0×ADR, 보수적·design_21§4)",2.0,24,2592.0,0.0,108.0,38,38,108.0,39.97,162,daily_cohort,test
"평판포함(walk 2.0×ADR, 보수적·design_21§4)",2.0,25,2700.0,0.0,108.0,38,38,108.0,39.97,162,daily_cohort,test
"평판포함(walk 2.0×ADR, 보수적·design_21§4)",2.0,26,2808.0,0.0,108.0,38,38,108.0,39.97,162,daily_cohort,test
"평판포함(walk 2.0×ADR, 보수적·design_21§4)",2.0,27,2915.98,0.0,107.99,38,38,108.0,39.97,162,daily_cohort,test
"평판포함(walk 2.0×ADR, 보수적·design_21§4)",2.0,28,3023.94,0.0001,107.95,38,38,108.0,39.97,162,daily_cohort,test
"평판포함(walk 2.0×ADR, 보수적·design_21§4)",2.0,29,3131.79,0.0005,107.85,38,38,108.0,39.97,162,daily_cohort,test
"평판포함(walk 2.0×ADR, 보수적·design_21§4)",2.0,30,3239.37,0.0013,107.58,38,38,108.0,39.97,162,daily_cohort,test
"평판포함(walk 2.0×ADR, 보수적·design_21§4)",2.0,31,3346.26,0.0034,106.89,38,38,108.0,39.97,162,daily_cohort,test
"평판포함(walk 2.0×ADR, 보수적·design_21§4)",2.0,32,3451.62,0.0081,105.36,38,38,108.0,39.97,162,daily_cohort,test
"평판포함(walk 2.0×ADR, 보수적·design_21§4)",2.0,33,3553.9,0.0177,102.28,38,38,108.0,39.97,162,daily_cohort,test
"평판포함(walk 2.0×ADR, 보수적·design_21§4)",2.0,34,3650.51,0.0352,96.61,38,38,108.0,39.97,162,daily_cohort,test
"평판포함(walk 2.0×ADR, 보수적·design_21§4)",2.0,35,3737.64,0.0644,87.12,38,38,108.0,39.97,162,daily_cohort,test
"평판포함(walk 2.0×ADR, 보수적·design_21§4)",2.0,36,3810.24,0.1092,72.61,38,38,108.0,39.97,162,daily_cohort,test
"평판포함(walk 2.0×ADR, 보수적·design_21§4)",2.0,37,3862.47,0.1721,52.23,38,38,108.0,39.97,162,daily_cohort,test
"평판포함(walk 2.0×ADR, 보수적·design_21§4)",2.0,38,3888.4,0.2533,25.93,38,38,108.0,39.97,162,daily_cohort,test
"평판포함(walk 2.0×ADR, 보수적·design_21§4)",2.0,39,3883.02,0.3499,-5.38,38,38,108.0,39.97,162,daily_cohort,test
"평판포함(walk 2.0×ADR, 보수적·design_21§4)",2.0,40,3843.2,0.4563,-39.83,38,38,108.0,39.97,162,daily_cohort,test
"평판포함(walk 2.0×ADR, 보수적·design_21§4)",2.0,41,3768.24,0.5647,-74.96,38,38,108.0,39.97,162,daily_cohort,test
"평판포함(walk 2.0×ADR, 보수적·design_21§4)",2.0,42,3659.99,0.6674,-108.25,38,38,108.0,39.97,162,daily_cohort,test
"평판포함(walk 2.0×ADR, 보수적·design_21§4)",2.0,43,3522.37,0.7581,-137.62,38,38,108.0,39.97,162,daily_cohort,test
"평판포함(walk 2.0×ADR, 보수적·design_21§4)",2.0,44,3360.58,0.8327,-161.79,38,38,108.0,39.97,162,daily_cohort,test
"평판포함(walk 2.0×ADR, 보수적·design_21§4)",2.0,45,3180.2,0.8901,-180.38,38,38,108.0,39.97,162,daily_cohort,test
"평판포함(walk 2.0×ADR, 보수적·design_21§4)",2.0,46,2986.41,0.9314,-193.79,38,38,108.0,39.97,162,daily_cohort,test
"평판포함(walk 2.0×ADR, 보수적·design_21§4)",2.0,47,2783.56,0.9594,-202.85,38,38,108.0,39.97,162,daily_cohort,test
"평판포함(walk 2.0×ADR, 보수적·design_21§4)",2.0,48,2574.95,0.9772,-208.61,38,38,108.0,39.97,162,daily_cohort,test
"평판포함(walk 2.0×ADR, 보수적·design_21§4)",2.0,49,2362.89,0.9878,-212.06,38,38,108.0,39.97,162,daily_cohort,test
"평판포함(walk 2.0×ADR, 보수적·design_21§4)",2.0,50,2148.88,0.9938,-214.0,38,38,108.0,39.97,162,daily_cohort,test
"평판포함(walk 2.0×ADR, 보수적·design_21§4)",2.0,51,1933.84,0.997,-215.04,38,38,108.0,39.97,162,daily_cohort,test
"평판포함(walk 2.0×ADR, 보수적·design_21§4)",2.0,52,1718.28,0.9986,-215.56,38,38,108.0,39.97,162,daily_cohort,test
"평판포함(walk 2.0×ADR, 보수적·design_21§4)",2.0,53,1502.48,0.9994,-215.81,38,38,108.0,39.97,162,daily_cohort,test
"평판포함(walk 2.0×ADR, 보수적·design_21§4)",2.0,54,1286.55,0.9998,-215.92,38,38,108.0,39.97,162,daily_cohort,test
"평판포함(walk 2.0×ADR, 보수적·design_21§4)",2.0,55,1070.59,0.9999,-215.97,38,38,108.0,39.97,162,daily_cohort,test
"평판포함(walk 2.0×ADR, 보수적·design_21§4)",2.0,56,854.6,1.0,-215.99,38,38,108.0,39.97,162,daily_cohort,test
"평판포함(walk 2.0×ADR, 보수적·design_21§4)",2.0,57,638.6,1.0,-216.0,38,38,108.0,39.97,162,daily_cohort,test
"평판포함(walk 2.0×ADR, 보수적·design_21§4)",2.0,58,422.6,1.0,-216.0,38,38,108.0,39.97,162,daily_cohort,test
"평판포함(walk 2.0×ADR, 보수적·design_21§4)",2.0,59,206.6,1.0,-216.0,38,38,108.0,39.97,162,daily_cohort,test
"평판포함(walk 2.0×ADR, 보수적·design_21§4)",2.0,60,-9.4,1.0,-216.0,38,38,108.0,39.97,162,daily_cohort,test
"평판포함(walk 2.0×ADR, 보수적·design_21§4)",2.0,61,-225.4,1.0,-216.0,38,38,108.0,39.97,162,daily_cohort,test
"평판포함(walk 2.0×ADR, 보수적·design_21§4)",2.0,62,-441.4,1.0,-216.0,38,38,108.0,39.97,162,daily_cohort,test
"평판포함(walk 2.0×ADR, 보수적·design_21§4)",2.0,63,-657.4,1.0,-216.0,38,38,108.0,39.97,162,daily_cohort,test
"평판포함(walk 2.0×ADR, 보수적·design_21§4)",2.0,64,-873.4,1.0,-216.0,38,38,108.0,39.97,162,daily_cohort,test
"평판포함(walk 2.0×ADR, 보수적·design_21§4)",2.0,65,-1089.4,1.0,-216.0,38,38,108.0,39.97,162,daily_cohort,test
"평판포함(walk 2.0×ADR, 보수적·design_21§4)",2.0,66,-1305.4,1.0,-216.0,38,38,108.0,39.97,162,daily_cohort,test
"평판포함(walk 2.0×ADR, 보수적·design_21§4)",2.0,67,-1521.4,1.0,-216.0,38,38,108.0,39.97,162,daily_cohort,test
"평판포함(walk 2.0×ADR, 보수적·design_21§4)",2.0,68,-1737.4,1.0,-216.0,38,38,108.0,39.97,162,daily_cohort,test
"평판포함(walk 2.0×ADR, 보수적·design_21§4)",2.0,69,-1953.4,1.0,-216.0,38,38,108.0,39.97,162,daily_cohort,test
"평판포함(walk 2.0×ADR, 보수적·design_21§4)",2.0,70,-2169.4,1.0,-216.0,38,38,108.0,39.97,162,daily_cohort,test
"평판포함(walk 2.0×ADR, 보수적·design_21§4)",2.0,71,-2385.4,1.0,-216.0,38,38,108.0,39.97,162,daily_cohort,test
"평판포함(walk 2.0×ADR, 보수적·design_21§4)",2.0,72,-2601.4,1.0,-216.0,38,38,108.0,39.97,162,daily_cohort,test
"평판포함(walk 2.0×ADR, 보수적·design_21§4)",2.0,73,-2817.4,1.0,-216.0,38,38,108.0,39.97,162,daily_cohort,test
"평판포함(walk 2.0×ADR, 보수적·design_21§4)",2.0,74,-3033.4,1.0,-216.0,38,38,108.0,39.97,162,daily_cohort,test
"평판포함(walk 2.0×ADR, 보수적·design_21§4)",2.0,75,-3249.4,1.0,-216.0,38,38,108.0,39.97,162,daily_cohort,test
"평판포함(walk 2.0×ADR, 보수적·design_21§4)",2.0,76,-3465.4,1.0,-216.0,38,38,108.0,39.97,162,daily_cohort,test
"평판포함(walk 2.0×ADR, 보수적·design_21§4)",2.0,77,-3681.4,1.0,-216.0,38,38,108.0,39.97,162,daily_cohort,test
"평판포함(walk 2.0×ADR, 보수적·design_21§4)",2.0,78,-3897.4,1.0,-216.0,38,38,108.0,39.97,162,daily_cohort,test
"평판포함(walk 2.0×ADR, 보수적·design_21§4)",2.0,79,-4113.4,1.0,-216.0,38,38,108.0,39.97,162,daily_cohort,test
"평판포함(walk 2.0×ADR, 보수적·design_21§4)",2.0,80,-4329.4,1.0,-216.0,38,38,108.0,39.97,162,daily_cohort,test
"평판포함(walk 2.0×ADR, 보수적·design_21§4)",2.0,81,-4545.4,1.0,-216.0,38,38,108.0,39.97,162,daily_cohort,test
"평판포함(walk 2.0×ADR, 보수적·design_21§4)",2.0,82,-4761.4,1.0,-216.0,38,38,108.0,39.97,162,daily_cohort,test
"평판포함(walk 2.0×ADR, 보수적·design_21§4)",2.0,83,-4977.4,1.0,-216.0,38,38,108.0,39.97,162,daily_cohort,test
"평판포함(walk 2.0×ADR, 보수적·design_21§4)",2.0,84,-5193.4,1.0,-216.0,38,38,108.0,39.97,162,daily_cohort,test
"평판포함(walk 2.0×ADR, 보수적·design_21§4)",2.0,85,-5409.4,1.0,-216.0,38,38,108.0,39.97,162,daily_cohort,test
"평판포함(walk 2.0×ADR, 보수적·design_21§4)",2.0,86,-5625.4,1.0,-216.0,38,38,108.0,39.97,162,daily_cohort,test
"평판포함(walk 2.0×ADR, 보수적·design_21§4)",2.0,87,-5841.4,1.0,-216.0,38,38,108.0,39.97,162,daily_cohort,test
"평판포함(walk 2.0×ADR, 보수적·design_21§4)",2.0,88,-6057.4,1.0,-216.0,38,38,108.0,39.97,162,daily_cohort,test
"평판포함(walk 2.0×ADR, 보수적·design_21§4)",2.0,89,-6273.4,1.0,-216.0,38,38,108.0,39.97,162,daily_cohort,test
